date,humidity,wind_speed,meanpressure,meantemp
2013-01-01,84.5,0.0,1015.6666666666666,10.0
2013-01-02,92.0,2.98,1017.8,7.4
2013-01-03,87.0,4.633333333333334,1018.6666666666666,7.166666666666667
2013-01-04,71.33333333333333,1.2333333333333334,1017.1666666666666,8.666666666666666
2013-01-05,86.83333333333333,3.6999999999999997,1016.5,6.0
2013-01-06,82.8,1.48,1018.0,7.0
2013-01-07,78.6,6.3,1020.0,7.0
2013-01-08,63.714285714285715,7.142857142857143,1018.7142857142857,8.857142857142858
2013-01-09,51.25,12.5,1017.0,14.0
2013-01-10,62.0,7.3999999999999995,1015.6666666666666,11.0
2013-01-11,51.285714285714285,10.571428571428571,1016.1428571428571,15.714285714285714
2013-01-12,74.0,13.228571428571428,1015.5714285714286,14.0
2013-01-13,75.16666666666667,4.633333333333334,1013.3333333333334,15.833333333333334
2013-01-14,88.16666666666667,0.6166666666666667,1015.1666666666666,12.833333333333334
2013-01-15,71.85714285714286,0.5285714285714286,1015.8571428571429,14.714285714285714
2013-01-16,86.66666666666667,0.0,1016.6666666666666,13.833333333333334
2013-01-17,80.83333333333333,5.250000000000001,1015.8333333333334,16.5
2013-01-18,92.16666666666667,8.950000000000001,1014.5,13.833333333333334
2013-01-19,76.66666666666667,5.883333333333333,1021.6666666666666,12.5
2013-01-20,75.28571428571429,8.471428571428572,1020.2857142857143,11.285714285714286
2013-01-21,77.0,2.22,1021.0,11.2
2013-01-22,79.66666666666667,3.0833333333333335,1021.8,9.5
2013-01-23,60.166666666666664,4.016666666666667,1020.5,14.0
2013-01-24,60.666666666666664,6.166666666666667,1020.5,13.833333333333334
2013-01-25,67.0,5.55,1020.75,12.25
2013-01-26,64.16666666666667,6.800000000000001,1019.6666666666666,12.666666666666666
2013-01-27,65.57142857142857,5.557142857142857,1018.1428571428571,12.857142857142858
2013-01-28,56.0,3.6999999999999997,1017.8333333333334,14.833333333333334
2013-01-29,65.5,3.2375,1016.625,14.125
2013-01-30,70.42857142857143,1.0571428571428572,1017.8571428571429,14.714285714285714
2013-01-31,65.6,2.96,1018.4,16.2
2013-02-01,73.0,2.22,1016.0,16.0
2013-02-02,77.57142857142857,1.3285714285714287,1017.1428571428571,16.285714285714285
2013-02-03,65.57142857142857,1.8571428571428572,1015.2857142857143,18.0
2013-02-04,74.28571428571429,11.114285714285714,1014.5714285714286,17.428571428571427
2013-02-05,92.375,9.725000000000001,1016.375,16.625
2013-02-06,71.33333333333333,8.633333333333333,1018.6666666666666,16.666666666666668
2013-02-07,59.4,10.74,1018.6,15.6
2013-02-08,70.42857142857143,9.257142857142856,1017.1428571428571,14.0
2013-02-09,61.285714285714285,9.257142857142856,1016.8571428571429,15.428571428571429
2013-02-10,71.5,3.4749999999999996,1017.125,15.25
2013-02-11,70.5,5.325,1016.5,15.875
2013-02-12,70.33333333333333,7.416666666666667,1017.5,15.333333333333334
2013-02-13,70.14285714285714,6.085714285714287,1016.0,16.285714285714285
2013-02-14,63.833333333333336,4.333333333333333,1014.1666666666666,17.333333333333332
2013-02-15,65.33333333333333,10.183333333333335,1011.6666666666666,19.166666666666668
2013-02-16,92.71428571428571,8.485714285714286,1008.0,14.428571428571429
2013-02-17,90.0,0.0,1012.6666666666666,13.666666666666666
2013-02-18,78.4,12.220000000000002,1016.2,15.6
2013-02-19,82.0,5.814285714285715,1015.7142857142857,15.857142857142858
2013-02-20,74.71428571428571,5.814285714285715,1017.0,17.714285714285715
2013-02-21,67.28571428571429,6.614285714285714,1015.4285714285714,20.0
2013-02-22,65.625,10.875000000000002,1016.0,20.5
2013-02-23,74.85714285714286,9.257142857142856,1017.0,17.428571428571427
2013-02-24,78.85714285714286,7.400000000000001,1018.8571428571429,16.857142857142858
2013-02-25,72.875,4.6375,1018.25,16.875
2013-02-26,70.0,17.587500000000002,1015.1428571428571,17.857142857142858
2013-02-27,57.2,6.660000000000001,1015.2,20.8
2013-02-28,52.857142857142854,12.957142857142857,1017.4285714285714,19.428571428571427
2013-03-01,49.333333333333336,24.066666666666663,1016.3333333333334,17.333333333333332
2013-03-02,54.0,15.725,1016.25,19.0
2013-03-03,62.833333333333336,8.633333333333333,1016.1666666666666,19.333333333333332
2013-03-04,71.0,5.5600000000000005,1015.8,17.6
2013-03-05,61.875,4.1625000000000005,1016.375,20.875
2013-03-06,65.28571428571429,6.871428571428573,1015.7142857142857,20.857142857142858
2013-03-07,57.142857142857146,8.728571428571428,1015.2857142857143,23.428571428571427
2013-03-08,44.833333333333336,7.1000000000000005,1014.8333333333334,24.166666666666668
2013-03-09,49.714285714285715,5.285714285714286,1009.2857142857143,25.428571428571427
2013-03-10,57.57142857142857,4.228571428571429,1008.0,23.142857142857142
2013-03-11,66.33333333333333,0.9333333333333332,1011.1666666666666,24.0
2013-03-12,62.5,4.933333333333334,1011.5,23.5
2013-03-13,70.5,5.55,1009.0,21.5
2013-03-14,61.166666666666664,12.033333333333333,1013.1666666666666,22.333333333333332
2013-03-15,45.833333333333336,7.716666666666668,1016.1666666666666,24.166666666666668
2013-03-16,67.66666666666667,3.6999999999999997,1016.1666666666666,20.333333333333332
2013-03-17,58.666666666666664,8.95,1015.0,22.666666666666668
2013-03-18,58.142857142857146,17.457142857142856,1009.4285714285714,23.428571428571427
2013-03-19,73.66666666666667,10.483333333333333,1011.0,22.5
2013-03-20,36.333333333333336,6.800000000000001,1009.5,29.166666666666668
2013-03-21,58.5,10.5,1008.3333333333334,23.833333333333332
2013-03-22,50.25,9.7125,1006.375,25.25
2013-03-23,50.125,9.950000000000001,1007.625,27.375
2013-03-24,48.75,10.8875,1010.25,27.0
2013-03-25,45.5,15.962499999999999,1010.625,23.5
2013-03-26,44.57142857142857,12.957142857142857,1008.8571428571429,24.142857142857142
2013-03-27,62.0,1.85,1009.0,21.0
2013-03-28,62.714285714285715,7.4142857142857155,1009.5714285714286,22.428571428571427
2013-03-29,70.375,5.550000000000001,1009.75,21.25
2013-03-30,54.75,11.112499999999999,1008.625,23.5
2013-03-31,58.0,6.660000000000001,1008.6,23.2
2013-04-01,45.5,4.4,1008.5,25.375
2013-04-02,51.0,8.65,1009.5,25.166666666666668
2013-04-03,45.6,8.14,1009.0,26.2
2013-04-04,41.8,11.120000000000001,1007.8,24.6
2013-04-05,31.0,15.559999999999999,1007.0,25.6
2013-04-06,29.857142857142858,11.900000000000002,1006.1428571428571,25.857142857142858
2013-04-07,23.285714285714285,10.314285714285715,1005.0,29.142857142857142
2013-04-08,33.857142857142854,5.3,1006.0,28.714285714285715
2013-04-09,30.5,8.65,1005.3333333333334,30.166666666666668
2013-04-10,28.0,6.1,1006.7142857142857,30.0
2013-04-11,24.2,7.780000000000001,1006.4,30.0
2013-04-12,32.57142857142857,6.342857142857143,1007.5714285714286,28.857142857142858
2013-04-13,29.2,10.000000000000002,1008.4,30.2
2013-04-14,39.375,6.487499999999999,1007.0,28.25
2013-04-15,41.375,6.25,1003.875,28.25
2013-04-16,24.625,10.424999999999999,1000.0,32.125
2013-04-17,24.2,6.659999999999999,1002.2,29.2
2013-04-18,30.285714285714285,4.757142857142858,1002.8571428571429,30.285714285714285
2013-04-19,31.285714285714285,3.971428571428571,1002.5714285714286,28.285714285714285
2013-04-20,29.0,7.6375,1003.375,30.625
2013-04-21,38.666666666666664,13.883333333333333,1006.8333333333334,27.666666666666668
2013-04-22,45.375,7.650000000000001,1010.0,27.375
2013-04-23,44.125,4.625000000000001,1009.875,28.625
2013-04-24,41.714285714285715,2.1142857142857143,1008.5714285714286,30.285714285714285
2013-04-25,38.285714285714285,3.7,1007.7142857142857,31.142857142857142
2013-04-26,45.875,6.7125,1008.375,29.875
2013-04-27,31.428571428571427,13.485714285714286,1007.0,31.142857142857142
2013-04-28,28.0,12.971428571428572,1005.4285714285714,30.571428571428573
2013-04-29,26.375,7.875,1004.875,32.125
2013-04-30,32.0,7.928571428571429,1004.8571428571429,31.142857142857142
2013-05-01,15.857142857142858,12.685714285714287,1002.8333333333334,31.857142857142858
2013-05-02,22.166666666666668,11.433333333333335,1001.2,29.833333333333332
2013-05-03,31.571428571428573,9.0,999.4285714285714,28.571428571428573
2013-05-04,31.428571428571427,2.914285714285714,999.0,32.857142857142854
2013-05-05,31.125,3.0125,1000.625,32.625
2013-05-06,39.25,3.7,1001.625,32.75
2013-05-07,33.25,7.175000000000001,1002.0,32.875
2013-05-08,23.0,9.25,1001.1666666666666,34.5
2013-05-09,26.0,8.985714285714284,1000.8571428571429,34.285714285714285
2013-05-10,27.714285714285715,9.528571428571428,1000.1428571428571,34.0
2013-05-11,30.375,14.8125,999.875,30.75
2013-05-12,40.142857142857146,5.828571428571428,1003.7142857142857,29.857142857142858
2013-05-13,34.0,3.9714285714285715,1003.5714285714286,31.714285714285715
2013-05-14,34.285714285714285,4.771428571428571,1001.5714285714286,32.285714285714285
2013-05-15,33.0,3.2375000000000003,999.8571428571429,33.0
2013-05-16,34.75,7.175000000000001,998.5,33.0
2013-05-17,28.166666666666668,9.866666666666667,1000.3333333333334,32.833333333333336
2013-05-18,42.2,12.966666666666669,999.0,31.4
2013-05-19,22.333333333333332,15.749999999999998,999.6666666666666,35.333333333333336
2013-05-20,24.2,7.4,998.4,36.4
2013-05-21,19.0,11.371428571428572,998.6666666666666,36.0
2013-05-22,22.125,17.5875,998.625,36.75
2013-05-23,23.333333333333332,13.566666666666668,997.1666666666666,37.5
2013-05-24,27.428571428571427,11.385714285714286,996.4285714285714,38.42857142857143
2013-05-25,22.428571428571427,10.314285714285715,998.1428571428571,38.714285714285715
2013-05-26,21.2,10.74,998.2,37.8
2013-05-27,31.571428571428573,8.72857142857143,999.1428571428571,35.857142857142854
2013-05-28,29.0,8.333333333333334,1000.1666666666666,35.333333333333336
2013-05-29,27.857142857142858,5.557142857142858,999.4285714285714,34.142857142857146
2013-05-30,28.2,5.5600000000000005,999.6,32.2
2013-05-31,40.125,10.6375,998.7142857142857,33.625
2013-06-01,54.0,13.4375,998.75,32.0
2013-06-02,56.6,14.200000000000001,1001.0,32.4
2013-06-03,47.0,12.239999999999998,999.6,35.6
2013-06-04,42.57142857142857,5.028571428571429,999.8571428571429,35.857142857142854
2013-06-05,36.5,9.866666666666665,998.0,37.166666666666664
2013-06-06,61.714285714285715,10.042857142857144,997.2857142857143,31.285714285714285
2013-06-07,49.25,7.412500000000001,998.0,34.0
2013-06-08,57.4,13.34,997.0,34.2
2013-06-09,40.0,11.416666666666666,995.1666666666666,36.166666666666664
2013-06-10,42.75,8.100000000000001,995.125,36.625
2013-06-11,61.666666666666664,16.349999999999998,1000.0,30.166666666666668
2013-06-12,54.142857142857146,7.4142857142857155,998.0,34.142857142857146
2013-06-13,68.66666666666667,9.866666666666665,998.6666666666666,29.833333333333332
2013-06-14,68.14285714285714,7.942857142857142,997.4285714285714,30.142857142857142
2013-06-15,65.0,13.22857142857143,997.8571428571429,30.714285714285715
2013-06-16,88.85714285714286,8.485714285714286,996.4285714285714,27.0
2013-06-17,87.375,8.3375,994.75,26.875
2013-06-18,83.6,5.18,996.4,28.4
2013-06-19,72.85714285714286,4.228571428571429,999.0,29.857142857142858
2013-06-20,52.714285714285715,4.771428571428571,997.1666666666666,33.0
2013-06-21,47.333333333333336,5.866666666666667,995.3333333333334,34.833333333333336
2013-06-22,39.4,10.74,996.2,35.6
2013-06-23,53.0,8.350000000000001,995.6666666666666,35.166666666666664
2013-06-24,55.0,13.22857142857143,996.2857142857143,33.142857142857146
2013-06-25,70.42857142857143,11.114285714285716,999.1666666666666,30.571428571428573
2013-06-26,71.5,6.483333333333333,999.0,30.666666666666668
2013-06-27,61.857142857142854,7.957142857142856,996.7142857142857,31.428571428571427
2013-06-28,64.25,8.8125,996.0,31.5
2013-06-29,57.0,13.875,995.25,33.25
2013-06-30,52.166666666666664,10.5,997.1666666666666,32.833333333333336
2013-07-01,54.0,8.728571428571428,996.4285714285714,33.857142857142854
2013-07-02,58.285714285714285,9.799999999999999,996.0,33.142857142857146
2013-07-03,70.0,6.357142857142857,997.5714285714286,31.571428571428573
2013-07-04,67.5,9.25,997.0,32.375
2013-07-05,62.2,12.959999999999999,997.8,32.8
2013-07-06,73.14285714285714,11.37142857142857,1000.5714285714286,31.0
2013-07-07,77.33333333333333,7.1000000000000005,1000.1666666666666,31.166666666666668
2013-07-08,75.16666666666667,6.483333333333334,997.5,29.833333333333332
2013-07-09,78.83333333333333,8.016666666666667,996.8333333333334,29.0
2013-07-10,75.375,6.4875,995.75,29.75
2013-07-11,65.5,7.116666666666667,997.3333333333334,32.5
2013-07-12,86.625,5.562500000000001,1000.0,28.875
2013-07-13,70.25,12.0625,998.875,31.75
2013-07-14,71.625,4.8125,997.375,30.75
2013-07-15,73.25,13.537500000000001,998.375,31.75
2013-07-16,83.875,9.0,999.0,29.875
2013-07-17,78.375,8.65,998.0,31.125
2013-07-18,76.0,5.550000000000001,995.0,31.75
2013-07-19,73.5,9.266666666666666,995.3333333333334,30.5
2013-07-20,90.66666666666667,4.933333333333333,999.1666666666666,26.833333333333332
2013-07-21,88.0,2.2399999999999998,996.4,28.2
2013-07-22,80.33333333333333,4.333333333333333,996.8333333333334,29.5
2013-07-23,70.71428571428571,3.9714285714285715,998.0,31.857142857142858
2013-07-24,84.14285714285714,3.971428571428571,997.1428571428571,29.714285714285715
2013-07-25,84.5,8.016666666666667,995.1666666666666,28.333333333333332
2013-07-26,73.85714285714286,5.571428571428572,995.4285714285714,30.0
2013-07-27,79.0,4.228571428571429,997.2857142857143,30.142857142857142
2013-07-28,67.42857142857143,6.085714285714286,998.1428571428571,32.285714285714285
2013-07-29,77.42857142857143,4.771428571428571,997.1428571428571,31.0
2013-07-30,75.66666666666667,8.016666666666667,996.5,30.5
2013-07-31,78.5,9.866666666666665,996.6666666666666,28.833333333333332
2013-08-01,73.5,5.550000000000001,998.0,30.0
2013-08-02,66.42857142857143,11.114285714285716,999.4285714285714,31.571428571428573
2013-08-03,62.333333333333336,10.816666666666665,1000.8333333333334,32.5
2013-08-04,62.5,5.1,993.25,32.5
2013-08-05,77.0,6.783333333333334,1001.0,29.5
2013-08-06,90.66666666666667,4.016666666666667,1002.1666666666666,27.166666666666668
2013-08-07,85.25,3.25,1001.875,28.375
2013-08-08,84.0,6.166666666666667,1000.5,28.5
2013-08-09,87.5,3.716666666666667,1001.0,27.166666666666668
2013-08-10,79.85714285714286,6.1000000000000005,1000.3333333333334,29.428571428571427
2013-08-11,76.83333333333333,6.800000000000001,1001.1666666666666,30.0
2013-08-12,81.5,8.350000000000001,1001.0,29.5
2013-08-13,72.0,11.125,999.25,30.75
2013-08-14,74.33333333333333,9.866666666666667,999.8333333333334,29.666666666666668
2013-08-15,85.0,8.2,1001.7142857142857,27.714285714285715
2013-08-16,92.0,4.46,1000.8,26.6
2013-08-17,91.0,14.285714285714286,999.4285714285714,27.428571428571427
2013-08-18,83.83333333333333,1.2333333333333334,1000.1666666666666,28.333333333333332
2013-08-19,84.66666666666667,5.550000000000001,1000.5,28.166666666666668
2013-08-20,88.5,5.325,999.0,27.375
2013-08-21,81.16666666666667,10.314285714285717,999.2857142857143,28.333333333333332
2013-08-22,74.83333333333333,6.483333333333334,1001.1666666666666,29.166666666666668
2013-08-23,73.14285714285714,2.642857142857143,1001.4285714285714,31.285714285714285
2013-08-24,71.25,18.525,1000.3333333333334,32.0
2013-08-25,90.75,0.925,998.75,29.0
2013-08-26,69.875,6.475,997.8571428571429,32.0
2013-08-27,57.285714285714285,17.071428571428573,999.8571428571429,32.142857142857146
2013-08-28,60.714285714285715,11.642857142857142,1003.7142857142857,30.142857142857142
2013-08-29,57.0,9.275,1003.25,31.5
2013-08-30,73.0,3.1,1003.5,29.166666666666668
2013-08-31,71.75,4.65,1003.25,29.0
2013-09-01,65.2,11.48,1003.2,30.0
2013-09-02,50.857142857142854,15.342857142857142,1003.7142857142857,31.857142857142858
2013-09-03,45.5,14.799999999999999,1001.5,32.75
2013-09-04,48.0,14.542857142857141,1002.1666666666666,31.714285714285715
2013-09-05,46.0,13.566666666666668,1001.5,31.666666666666668
2013-09-06,55.714285714285715,10.042857142857144,1003.4285714285714,30.571428571428573
2013-09-07,51.833333333333336,6.783333333333334,1004.1666666666666,30.833333333333332
2013-09-08,71.75,2.325,1007.25,28.0
2013-09-09,57.5,42.22,1007.0,31.0
2013-09-10,66.33333333333333,3.6999999999999997,1005.3333333333334,29.666666666666668
2013-09-11,61.142857142857146,3.971428571428571,1005.5714285714286,30.857142857142858
2013-09-12,60.333333333333336,2.7833333333333337,1008.1666666666666,31.166666666666668
2013-09-13,67.14285714285714,3.1714285714285717,1007.1428571428571,31.142857142857142
2013-09-14,67.0,2.7833333333333337,1003.8333333333334,30.5
2013-09-15,56.375,3.9375,1001.375,31.625
2013-09-16,60.0,7.100000000000001,1002.3333333333334,29.666666666666668
2013-09-17,56.5,3.475,1002.875,29.25
2013-09-18,58.57142857142857,5.557142857142858,1003.1428571428571,29.142857142857142
2013-09-19,61.6,2.96,1001.8,29.8
2013-09-20,70.0,9.583333333333334,1003.0,28.666666666666668
2013-09-21,89.0,5.18,1003.0,25.2
2013-09-22,79.66666666666667,3.0833333333333335,1001.6666666666666,28.333333333333332
2013-09-23,68.0,4.5,1001.0,30.285714285714285
2013-09-24,65.75,5.7875000000000005,1002.75,30.75
2013-09-25,75.0,6.614285714285715,1005.4285714285714,28.571428571428573
2013-09-26,78.8,4.08,1006.6,28.2
2013-09-27,71.25,7.4125000000000005,1005.625,29.0
2013-09-28,67.33333333333333,1.2333333333333334,1005.3333333333334,30.0
2013-09-29,79.85714285714286,5.557142857142858,1003.8571428571429,28.142857142857142
2013-09-30,84.57142857142857,4.228571428571429,1004.7142857142857,26.857142857142858
2013-10-01,68.71428571428571,6.371428571428571,1007.7142857142857,28.285714285714285
2013-10-02,61.4,7.42,1010.0,29.2
2013-10-03,59.0,7.4,1008.6,28.6
2013-10-04,84.33333333333333,6.783333333333334,1007.5,24.833333333333332
2013-10-05,69.0,2.0875,1004.125,28.5
2013-10-06,66.5,1.85,1005.25,29.75
2013-10-07,66.57142857142857,1.5857142857142859,1008.8571428571429,29.714285714285715
2013-10-08,69.4,0.0,1009.8,29.2
2013-10-09,65.5,5.566666666666667,1010.3333333333334,30.833333333333332
2013-10-10,66.28571428571429,3.9714285714285715,1010.8571428571429,29.428571428571427
2013-10-11,89.85714285714286,4.242857142857143,1010.5714285714286,23.857142857142858
2013-10-12,82.57142857142857,2.914285714285714,1008.2857142857143,26.142857142857142
2013-10-13,84.33333333333333,0.6166666666666667,1007.6666666666666,27.166666666666668
2013-10-14,74.85714285714286,5.557142857142858,1007.0,27.714285714285715
2013-10-15,76.42857142857143,3.6999999999999997,1009.1428571428571,25.857142857142858
2013-10-16,75.0,0.0,1009.0,26.428571428571427
2013-10-17,76.71428571428571,1.0571428571428572,1010.4285714285714,26.857142857142858
2013-10-18,73.16666666666667,0.0,1010.5,26.333333333333332
2013-10-19,69.57142857142857,2.1142857142857143,1011.5714285714286,24.571428571428573
2013-10-20,67.83333333333333,1.55,1010.6666666666666,24.333333333333332
2013-10-21,63.625,1.3875000000000002,1009.875,24.875
2013-10-22,53.6,0.0,1011.0,27.8
2013-10-23,67.5,1.1625,1013.625,25.0
2013-10-24,73.14285714285714,1.0571428571428572,1013.2857142857143,23.857142857142858
2013-10-25,75.8,1.86,1011.0,22.8
2013-10-26,78.2,0.74,1011.2,23.0
2013-10-27,66.875,2.5500000000000003,1010.625,22.875
2013-10-28,63.166666666666664,4.933333333333334,1010.0,22.666666666666668
2013-10-29,62.714285714285715,3.971428571428571,1011.1428571428571,23.0
2013-10-30,67.42857142857143,2.385714285714286,1012.8571428571429,22.857142857142858
2013-10-31,58.833333333333336,3.0833333333333335,1012.8333333333334,23.666666666666668
2013-11-01,69.14285714285714,1.0571428571428572,1013.2857142857143,23.428571428571427
2013-11-02,65.0,4.6375,1014.5,21.625
2013-11-03,57.875,5.5625,1016.0,20.625
2013-11-04,54.166666666666664,2.466666666666667,1017.5,21.166666666666668
2013-11-05,74.33333333333333,0.0,1017.5,18.833333333333332
2013-11-06,66.71428571428571,3.1857142857142855,1015.8571428571429,20.571428571428573
2013-11-07,73.14285714285714,4.500000000000001,1015.6666666666666,20.142857142857142
2013-11-08,82.2,19.9125,1015.625,18.0
2013-11-09,73.57142857142857,0.5285714285714286,1016.7142857142857,19.857142857142858
2013-11-10,72.0,2.466666666666667,1016.0,16.833333333333332
2013-11-11,61.857142857142854,5.814285714285715,1013.4285714285714,18.857142857142858
2013-11-12,71.71428571428571,0.7999999999999999,1013.8571428571429,16.571428571428573
2013-11-13,65.0,3.0125,1014.25,17.75
2013-11-14,63.375,3.475,1015.25,17.625
2013-11-15,67.0,0.925,1016.5,17.0
2013-11-16,69.625,0.0,1018.0,16.625
2013-11-17,67.42857142857143,2.3857142857142857,1017.7142857142857,15.571428571428571
2013-11-18,55.125,7.412500000000001,1016.875,18.5
2013-11-19,63.5,7.175,1015.5,17.875
2013-11-20,58.875,2.55,1012.75,18.25
2013-11-21,66.25,2.0875,1013.125,17.875
2013-11-22,74.875,1.1625,1015.75,17.625
2013-11-23,77.85714285714286,0.7999999999999999,1014.5714285714286,18.142857142857142
2013-11-24,58.875,5.0875,1014.5,19.125
2013-11-25,49.875,9.5,1012.875,21.25
2013-11-26,51.375,9.75,1011.75,21.25
2013-11-27,68.5,2.7875,1014.75,19.125
2013-11-28,71.875,1.85,1017.75,18.625
2013-11-29,66.625,4.8625,1016.875,17.75
2013-11-30,69.625,11.8125,1015.875,17.875
2013-12-01,65.0,1.5857142857142859,1016.1428571428571,18.0
2013-12-02,73.25,1.85,1015.875,17.25
2013-12-03,73.5,1.3875,1016.75,17.5
2013-12-04,71.85714285714286,4.228571428571429,1017.0,17.142857142857142
2013-12-05,69.0,6.885714285714286,1015.2857142857143,17.142857142857142
2013-12-06,72.375,3.7125000000000004,1014.0,16.125
2013-12-07,80.5,1.1625,1014.25,16.0
2013-12-08,83.625,0.0,1014.0,16.5
2013-12-09,79.25,2.3125,1013.5,16.125
2013-12-10,81.75,2.55,1013.75,15.5
2013-12-11,71.875,6.475000000000001,1014.125,16.625
2013-12-12,62.375,16.9,1012.5,17.75
2013-12-13,67.71428571428571,11.62857142857143,1012.0,17.142857142857142
2013-12-14,79.0,0.7999999999999999,1012.5714285714286,16.142857142857142
2013-12-15,86.25,2.55,1015.125,15.5
2013-12-16,89.5,1.1625,1015.625,15.25
2013-12-17,92.875,0.925,1014.25,14.75
2013-12-18,93.0,2.0875,1012.625,14.875
2013-12-19,89.125,3.2499999999999996,1012.875,16.125
2013-12-20,91.375,4.4125000000000005,1016.0,15.375
2013-12-21,94.0,0.4625,1017.0,14.75
2013-12-22,94.0,1.3875000000000002,1018.375,15.25
2013-12-23,88.25,9.025,1020.5,14.25
2013-12-24,84.75,5.7875000000000005,1021.375,13.5
2013-12-25,63.166666666666664,34.4875,1020.625,13.666666666666666
2013-12-26,67.625,4.4,1019.25,12.125
2013-12-27,79.875,1.1625,1018.625,11.875
2013-12-28,70.0,5.325,1019.25,10.875
2013-12-29,69.42857142857143,5.325,1018.5,10.571428571428571
2013-12-30,79.5,6.4750000000000005,1018.125,12.375
2013-12-31,89.375,4.862500000000001,1020.5,14.5
2014-01-01,89.625,7.65,1021.0,13.375
2014-01-02,78.375,8.1,1020.25,11.0
2014-01-03,74.875,5.325,1017.75,12.5
2014-01-04,88.125,1.1625,1016.25,12.875
2014-01-05,89.0,0.4625,1014.5,12.375
2014-01-06,86.28571428571429,27.3375,1017.625,11.428571428571429
2014-01-07,72.28571428571429,20.599999999999998,1017.75,12.142857142857142
2014-01-08,76.875,1.85,1017.875,11.875
2014-01-09,83.0,1.2333333333333334,1017.0,12.833333333333334
2014-01-10,85.375,0.0,1016.625,12.375
2014-01-11,82.625,6.7250000000000005,1019.625,12.125
2014-01-12,80.875,3.2500000000000004,1020.75,12.875
2014-01-13,72.375,1.1625,1019.375,14.0
2014-01-14,76.75,2.7875,1017.0,14.875
2014-01-15,93.5,0.4625,1019.75,12.0
2014-01-16,90.57142857142857,1.5857142857142859,1019.5714285714286,12.285714285714286
2014-01-17,95.75,1.1625,1017.625,12.0
2014-01-18,94.25,1.85,1020.25,12.5
2014-01-19,84.5,3.4749999999999996,1023.0,14.5
2014-01-20,83.5,4.4125000000000005,1021.375,14.625
2014-01-21,96.85714285714286,7.171428571428572,1020.5714285714286,13.571428571428571
2014-01-22,96.125,6.7124999999999995,1019.875,15.25
2014-01-23,90.125,6.7125,1020.25,15.625
2014-01-24,88.875,8.1125,1019.25,13.875
2014-01-25,95.625,8.3375,1019.75,11.75
2014-01-26,85.75,8.8125,1019.125,14.375
2014-01-27,72.375,9.950000000000001,1018.75,16.625
2014-01-28,69.875,7.4125000000000005,1016.75,16.625
2014-01-29,81.875,4.625000000000001,1018.625,14.875
2014-01-30,83.25,0.925,1019.375,14.5
2014-01-31,82.5,3.0125,1019.25,14.75
2014-02-01,79.375,2.55,1019.75,14.0
2014-02-02,76.125,1.85,1016.875,15.25
2014-02-03,63.857142857142854,12.2875,1014.125,18.428571428571427
2014-02-04,65.42857142857143,13.424999999999999,1011.0,18.857142857142858
2014-02-05,72.75,1.625,1011.5,17.0
2014-02-06,65.375,6.012500000000001,1010.875,18.5
2014-02-07,67.25,15.049999999999999,1009.25,19.625
2014-02-08,85.375,8.1125,1011.375,13.625
2014-02-09,63.375,9.2625,1012.0,12.875
2014-02-10,61.75,3.7,1012.5,12.625
2014-02-11,64.625,3.7,1013.5,13.375
2014-02-12,67.0,9.262500000000001,1013.5,13.25
2014-02-13,64.5,4.875,1013.625,15.25
2014-02-14,95.5,5.3375,1011.875,13.0
2014-02-15,89.5,3.9375,1012.875,12.375
2014-02-16,79.0,8.7875,1016.0,13.5
2014-02-17,66.125,12.725,1017.75,15.125
2014-02-18,60.125,8.799999999999999,1017.375,15.25
2014-02-19,75.375,1.85,1016.625,15.125
2014-02-20,78.625,1.8625,1014.75,16.125
2014-02-21,72.25,8.7875,1014.25,17.125
2014-02-22,85.625,6.250000000000001,1017.375,16.625
2014-02-23,80.0,7.887500000000001,1019.375,16.5
2014-02-24,69.375,5.3375,1018.625,16.375
2014-02-25,69.0,0.925,1017.25,18.125
2014-02-26,71.125,2.0875,1014.25,18.75
2014-02-27,76.625,7.175000000000001,1013.125,18.625
2014-02-28,88.375,5.799999999999999,1013.125,15.625
2014-03-01,87.28571428571429,4.242857142857143,1015.2857142857143,16.142857142857142
2014-03-02,79.0,5.7875000000000005,1017.125,16.125
2014-03-03,65.625,3.7,1016.25,17.875
2014-03-04,66.375,3.7125000000000004,1016.5,18.75
2014-03-05,67.0,5.325000000000001,1016.125,18.875
2014-03-06,64.0,4.6375,1016.375,18.375
2014-03-07,62.875,6.7125,1017.125,18.5
2014-03-08,63.875,9.9625,1017.0,19.875
2014-03-09,56.625,7.65,1014.5,22.0
2014-03-10,63.875,10.8875,1014.375,20.0
2014-03-11,70.0,15.6,1013.7142857142857,20.714285714285715
2014-03-12,68.875,6.4875,1016.25,20.0
2014-03-13,60.625,9.950000000000001,1016.25,19.0
2014-03-14,61.25,5.800000000000001,1015.0,19.625
2014-03-15,62.625,2.7875,1016.375,21.625
2014-03-16,58.5,6.25,1015.375,23.125
2014-03-17,52.125,6.7125,1011.25,26.25
2014-03-18,53.42857142857143,9.799999999999999,1012.8571428571429,24.857142857142858
2014-03-19,57.375,10.1875,1013.25,21.75
2014-03-20,55.0,7.4,1010.75,21.5
2014-03-21,64.75,5.3375,1007.125,22.5
2014-03-22,59.5,3.0124999999999997,1007.0,25.0
2014-03-23,61.875,9.025,1010.625,22.75
2014-03-24,73.125,9.487499999999999,1011.625,22.375
2014-03-25,60.25,2.775,1010.5,24.625
2014-03-26,58.875,2.7750000000000004,1010.625,25.125
2014-03-27,63.25,4.8875,1011.75,23.5
2014-03-28,67.57142857142857,4.5,1011.1428571428571,24.428571428571427
2014-03-29,55.625,8.35,1011.25,25.875
2014-03-30,46.75,13.9,1009.875,24.125
2014-03-31,44.125,13.200000000000001,1008.25,24.125
2014-04-01,45.75,9.712499999999999,1006.125,24.875
2014-04-02,43.375,7.175,1005.75,26.75
2014-04-03,48.0,10.424999999999999,1010.375,25.0
2014-04-04,47.857142857142854,11.914285714285715,1009.8571428571429,25.857142857142858
2014-04-05,44.0,9.2625,1008.875,27.375
2014-04-06,45.25,6.7125,1007.5,30.125
2014-04-07,47.625,12.9625,1009.625,27.25
2014-04-08,41.875,12.725,1010.375,25.75
2014-04-09,35.25,12.7375,1010.25,25.75
2014-04-10,29.25,12.500000000000002,1010.875,26.375
2014-04-11,29.0,10.057142857142859,1008.5714285714286,28.142857142857142
2014-04-12,39.875,5.1000000000000005,1007.125,29.125
2014-04-13,40.375,15.5125,1009.625,26.875
2014-04-14,46.625,5.3500000000000005,1010.625,27.625
2014-04-15,48.125,2.55,1009.125,29.0
2014-04-16,53.625,4.4,1008.25,27.125
2014-04-17,49.625,9.25,1007.0,26.375
2014-04-18,64.375,14.3375,1011.625,24.25
2014-04-19,57.875,5.1,1011.375,25.625
2014-04-20,48.0,4.6375,1010.5,27.0
2014-04-21,33.125,8.8125,1010.0,28.0
2014-04-22,29.375,12.5,1011.75,29.375
2014-04-23,37.0,6.0249999999999995,1009.0,29.125
2014-04-24,35.875,7.875,1005.875,29.375
2014-04-25,34.375,8.1125,1006.125,30.625
2014-04-26,32.0,8.1125,1006.375,31.5
2014-04-27,30.0,8.350000000000001,1007.125,30.625
2014-04-28,27.875,10.1875,1005.625,31.5
2014-04-29,28.875,8.325,1003.875,32.125
2014-04-30,25.5,5.3375,1003.75,33.25
2014-05-01,22.5,9.7375,1001.5,34.875
2014-05-02,24.75,6.4875,1001.875,34.375
2014-05-03,33.375,6.475,1003.625,31.75
2014-05-04,34.375,5.8,1003.0,31.875
2014-05-05,53.25,9.037500000000001,1005.75,29.75
2014-05-06,51.142857142857146,6.885714285714287,1006.8571428571429,29.571428571428573
2014-05-07,48.625,1.85,1004.25,31.75
2014-05-08,43.0,10.662500000000001,1002.625,31.375
2014-05-09,39.625,6.487500000000001,1000.4285714285714,30.5
2014-05-10,37.625,7.8875,1000.75,30.0
2014-05-11,40.375,7.65,1004.0,29.625
2014-05-12,53.375,10.887500000000001,1004.875,28.0
2014-05-13,65.75,9.9625,1008.375,25.25
2014-05-14,55.25,8.575000000000001,1006.5,26.875
2014-05-15,39.875,11.125,1004.25,29.5
2014-05-16,40.25,9.4875,1003.5,31.125
2014-05-17,47.625,7.175000000000001,1007.0,29.875
2014-05-18,35.375,13.899999999999999,1007.375,31.5
2014-05-19,29.5,11.575000000000003,1006.625,32.375
2014-05-20,34.0,7.6375,1006.625,31.125
2014-05-21,32.5,9.7125,1002.125,33.0
2014-05-22,33.375,11.112499999999999,999.5,33.25
2014-05-23,32.75,19.450000000000003,1000.0,34.625
2014-05-24,50.5,6.725,1004.125,31.5
2014-05-25,43.25,16.4375,1005.5,31.5
2014-05-26,54.125,4.175,1007.125,30.125
2014-05-27,49.75,2.55,1004.75,31.875
2014-05-28,44.5,3.95,1001.25,33.625
2014-05-29,40.125,4.4,999.375,35.25
2014-05-30,44.5,11.5875,999.5714285714286,33.125
2014-05-31,39.0,6.4875,999.625,34.625
2014-06-01,34.25,16.2,1003.25,32.75
2014-06-02,41.375,4.6375,1003.25,32.75
2014-06-03,33.625,6.487500000000001,1000.0,34.875
2014-06-04,33.125,7.1875,998.125,35.25
2014-06-05,26.875,8.5625,996.125,36.875
2014-06-06,27.625,10.2,994.875,37.5
2014-06-07,22.75,13.1875,994.0,38.5
2014-06-08,26.25,6.7250000000000005,993.125,37.625
2014-06-09,32.125,6.025,993.125,37.875
2014-06-10,20.875,12.0375,994.75,37.25
2014-06-11,23.125,14.8125,995.625,37.625
2014-06-12,39.25,24.325,997.0,32.875
2014-06-13,55.125,16.6625,997.625,30.25
2014-06-14,66.875,6.487500000000001,997.375,30.5
2014-06-15,52.0,8.1,997.125,33.875
2014-06-16,41.375,10.887500000000001,995.625,36.375
2014-06-17,42.125,15.962499999999999,994.125,36.875
2014-06-18,58.0,10.425,994.25,33.875
2014-06-19,47.875,10.8875,993.25,35.75
2014-06-20,36.125,17.825,991.375,38.0
2014-06-21,40.125,9.7375,993.875,36.875
2014-06-22,46.75,4.4,996.375,34.5
2014-06-23,49.75,6.7125,996.25,32.125
2014-06-24,46.25,10.1875,995.5,33.0
2014-06-25,53.25,13.2,997.625,32.25
2014-06-26,60.375,3.2375,1001.0,32.5
2014-06-27,48.5,9.487499999999999,1001.625,34.75
2014-06-28,49.0,5.7875,999.375,34.875
2014-06-29,57.75,9.7125,997.75,33.0
2014-06-30,67.75,3.2499999999999996,997.5,32.0
2014-07-01,65.125,6.25,1000.875,31.375
2014-07-02,71.375,5.787500000000001,1001.125,29.5
2014-07-03,75.125,5.0875,998.2857142857143,28.875
2014-07-04,69.0,4.333333333333333,998.7777777777778,31.38888888888889
2014-07-05,52.05882352941177,9.202941176470588,1000.7058823529412,34.705882352941174
2014-07-06,61.125,3.7125,1000.5,30.625
2014-07-07,48.75,5.5625,998.25,34.0
2014-07-08,39.5,9.725000000000001,996.875,35.0
2014-07-09,37.125,13.65,996.5,36.0
2014-07-10,38.75,11.3375,996.875,36.125
2014-07-11,38.625,8.7875,996.125,36.625
2014-07-12,51.375,5.3375,996.0,35.875
2014-07-13,69.75,6.025,998.0,31.625
2014-07-14,67.875,6.725,997.125,32.375
2014-07-15,62.625,8.825000000000001,996.0,33.125
2014-07-16,63.0,10.45,997.25,32.625
2014-07-17,74.25,6.7250000000000005,996.125,30.75
2014-07-18,83.875,2.55,994.875,27.25
2014-07-19,71.0,6.25,995.125,29.875
2014-07-20,68.875,6.262499999999999,996.75,30.875
2014-07-21,65.5,4.65,996.0,32.125
2014-07-22,69.75,7.175,997.0,31.625
2014-07-23,72.875,8.1125,997.75,30.625
2014-07-24,63.625,12.0375,998.7142857142857,30.5
2014-07-25,63.25,9.9625,1000.75,30.75
2014-07-26,61.5,7.175,1001.875,32.5
2014-07-27,65.42857142857143,6.25,1001.875,31.714285714285715
2014-07-28,75.75,18.05,999.375,30.0
2014-07-29,69.875,5.7875000000000005,999.25,30.25
2014-07-30,65.75,4.175000000000001,999.5714285714286,31.875
2014-07-31,65.75,7.425,999.625,32.5
2014-08-01,59.5,6.500000000000001,998.0,33.25
2014-08-02,77.75,0.925,997.125,30.125
2014-08-03,66.25,5.7875000000000005,995.375,31.5
2014-08-04,69.75,5.1000000000000005,996.125,30.5
2014-08-05,77.5,1.85,997.5,29.75
2014-08-06,65.0,5.5625,996.875,32.125
2014-08-07,65.375,6.949999999999999,997.0,31.125
2014-08-08,67.875,6.012500000000001,998.375,31.0
2014-08-09,80.47058823529412,6.652941176470588,1001.6470588235294,29.235294117647058
2014-08-10,89.90625,5.2250000000000005,1002.15625,28.5
2014-08-11,72.125,3.0124999999999997,999.875,31.125
2014-08-12,57.5,8.3375,998.75,32.125
2014-08-13,57.714285714285715,20.825,998.25,32.125
2014-08-14,57.5,18.5125,997.375,30.375
2014-08-15,54.875,14.587499999999999,998.875,31.125
2014-08-16,59.857142857142854,8.35,1002.5,30.428571428571427
2014-08-17,53.875,7.1875,1003.25,31.375
2014-08-18,56.625,5.5625,1005.375,31.875
2014-08-19,52.42857142857143,6.885714285714286,1004.8571428571429,33.0
2014-08-20,47.125,8.7875,1002.375,33.25
2014-08-21,43.0,10.8875,1001.25,32.5
2014-08-22,47.125,8.5625,1002.8571428571429,33.0
2014-08-23,45.75,9.2625,1003.25,33.125
2014-08-24,46.25,11.350000000000001,1002.875,33.125
2014-08-25,46.625,7.874999999999999,1002.375,33.875
2014-08-26,40.25,9.962499999999999,1001.375,34.125
2014-08-27,44.714285714285715,8.112499999999999,1001.125,33.857142857142854
2014-08-28,67.75,6.7250000000000005,1003.75,29.625
2014-08-29,69.25,3.7,1003.5,30.375
2014-08-30,78.125,4.1625,1002.625,28.625
2014-08-31,86.125,4.4125,1001.25,27.625
2014-09-01,65.85714285714286,15.5125,1001.125,29.428571428571427
2014-09-02,71.0,10.424999999999999,1001.875,29.25
2014-09-03,77.875,15.0375,1001.4285714285714,28.625
2014-09-04,80.75,9.275,1000.375,27.875
2014-09-05,85.75,8.337499999999999,1000.1428571428571,26.5
2014-09-06,76.875,2.0875,1002.375,28.5
2014-09-07,67.625,1.4,1003.25,31.0
2014-09-08,66.375,3.475,1003.125,31.25
2014-09-09,70.125,1.85,1002.375,31.0
2014-09-10,77.5,4.875,1003.25,28.75
2014-09-11,85.71428571428571,17.825,1005.5714285714286,26.571428571428573
2014-09-12,73.0,1.625,1005.125,28.5
2014-09-13,68.25,4.1625,1004.0,29.375
2014-09-14,65.5,6.712500000000001,1004.25,29.125
2014-09-15,63.125,6.7125,1004.25,29.625
2014-09-16,65.125,6.25,1002.25,30.625
2014-09-17,61.875,7.4,1002.125,30.625
2014-09-18,62.375,6.7125,1003.875,30.5
2014-09-19,56.625,4.175000000000001,1003.5,31.0
2014-09-20,55.75,4.3999999999999995,1002.875,31.125
2014-09-21,54.875,5.5625,1003.625,30.5
2014-09-22,50.0,13.437499999999998,1004.5,30.625
2014-09-23,47.0,30.685714285714283,1004.2857142857143,31.0
2014-09-24,53.0,8.1,1006.25,29.625
2014-09-25,52.5,9.725,1007.75,30.0
2014-09-26,52.5,5.7875,1008.125,30.0
2014-09-27,46.875,8.799999999999999,1009.25,30.5
2014-09-28,48.875,7.175,1009.625,30.25
2014-09-29,48.75,7.4125,1009.125,30.5
2014-09-30,50.125,6.712500000000001,1009.625,30.625
2014-10-01,52.857142857142854,3.1714285714285713,1010.4285714285714,30.428571428571427
2014-10-02,53.375,2.7875,1009.125,30.375
2014-10-03,52.625,1.85,1008.0,30.5
2014-10-04,53.5,0.0,1008.5,31.0
2014-10-05,56.125,0.0,1010.375,30.625
2014-10-06,56.75,0.0,1010.125,30.625
2014-10-07,59.375,1.1625,1008.375,31.0
2014-10-08,52.75,3.7125,1009.875,28.75
2014-10-09,49.875,3.2375,1010.125,27.625
2014-10-10,57.375,3.2375000000000003,1008.75,27.125
2014-10-11,57.142857142857146,6.9375,1008.25,25.714285714285715
2014-10-12,58.625,0.4625,1008.375,26.0
2014-10-13,59.75,8.799999999999999,1009.875,27.625
2014-10-14,67.625,5.325000000000001,1010.875,24.5
2014-10-15,68.0,3.2625,1013.375,24.5
2014-10-16,58.875,4.862500000000001,1014.0,23.0
2014-10-17,47.666666666666664,25.0125,1013.625,25.0
2014-10-18,56.142857142857146,21.3,1012.875,24.0
2014-10-19,57.75,4.1625,1012.625,23.75
2014-10-20,55.625,4.4,1013.125,24.75
2014-10-21,56.125,2.0875,1014.625,25.625
2014-10-22,64.875,0.4625,1014.5,25.75
2014-10-23,66.0,0.925,1012.75,25.25
2014-10-24,67.5,1.85,1011.75,25.5
2014-10-25,67.125,0.925,1012.375,25.25
2014-10-26,65.5,2.0875000000000004,1014.875,25.125
2014-10-27,62.875,1.8625,1013.75,24.875
2014-10-28,64.75,2.5625,1012.0,25.125
2014-10-29,65.75,1.625,1012.125,24.75
2014-10-30,61.375,1.85,1014.5,23.875
2014-10-31,58.25,3.7125,1013.625,23.375
2014-11-01,50.875,5.325000000000001,1014.125,22.5
2014-11-02,49.125,7.1875,1014.5,22.875
2014-11-03,52.75,4.1625,1013.5,23.375
2014-11-04,56.625,3.9375,1012.125,23.625
2014-11-05,56.25,4.625,1012.375,22.75
2014-11-06,56.25,6.25,1011.625,23.0
2014-11-07,66.125,2.3125,1012.875,24.0
2014-11-08,66.25,1.625,1014.625,23.875
2014-11-09,56.375,4.1625,1015.125,24.125
2014-11-10,52.125,3.4750000000000005,1014.0,21.375
2014-11-11,55.125,2.325,1014.75,19.25
2014-11-12,52.0,2.3125,1015.875,19.625
2014-11-13,50.5,3.2375,1016.5,18.5
2014-11-14,43.0,7.4125000000000005,1016.375,18.375
2014-11-15,44.75,2.775,1014.875,18.625
2014-11-16,47.625,2.55,1015.375,18.25
2014-11-17,51.75,2.7750000000000004,1016.125,17.75
2014-11-18,53.0,2.0875,1017.875,17.625
2014-11-19,58.125,1.1625,1016.5,17.5
2014-11-20,54.625,3.0250000000000004,1013.375,20.375
2014-11-21,62.125,3.2375,1012.75,18.25
2014-11-22,58.875,1.625,1011.375,19.875
2014-11-23,57.375,1.3875,1014.625,17.125
2014-11-24,52.25,4.175000000000001,1016.0,16.875
2014-11-25,51.5,2.55,1014.875,16.5
2014-11-26,51.0,5.550000000000001,1009.875,19.625
2014-11-27,63.875,0.0,1011.75,18.125
2014-11-28,67.375,0.0,1012.5,19.375
2014-11-29,67.625,0.0,1012.375,20.25
2014-11-30,54.75,2.55,1014.0,19.75
2014-12-01,42.625,8.799999999999999,1013.75,20.0
2014-12-02,47.625,7.875000000000001,1012.75,21.375
2014-12-03,66.57142857142857,11.37142857142857,1007.0,25.0
2014-12-04,68.875,4.862500000000001,1010.375,21.25
2014-12-05,59.875,2.55,1017.125,17.75
2014-12-06,48.875,4.8625,1016.375,18.25
2014-12-07,48.375,4.862500000000001,1014.75,17.25
2014-12-08,49.875,2.775,1015.0,17.0
2014-12-09,67.57142857142857,0.0,1016.8571428571429,15.285714285714286
2014-12-10,65.5,4.8625,1010.5,21.5
2014-12-11,70.5,3.25,1011.625,19.625
2014-12-12,65.625,0.4625,1014.375,17.5
2014-12-13,71.875,8.8,1016.125,16.0
2014-12-14,86.625,3.95,1014.5,16.875
2014-12-15,75.75,2.325,1016.125,16.625
2014-12-16,72.375,7.425000000000001,1017.375,17.75
2014-12-17,72.125,6.4875,1020.25,12.875
2014-12-18,79.75,3.0124999999999997,1021.375,11.75
2014-12-19,81.75,0.4625,1022.125,11.75
2014-12-20,77.0,5.800000000000001,1018.75,11.25
2014-12-21,79.125,0.925,1018.0,9.5
2014-12-22,85.0,1.3875000000000002,1017.125,9.375
2014-12-23,78.625,1.625,1017.875,9.625
2014-12-24,83.0,3.4750000000000005,1021.25,9.875
2014-12-25,81.125,8.100000000000001,1020.125,9.25
2014-12-26,77.0,7.6375,1017.75,10.75
2014-12-27,69.0,2.775,1018.625,10.375
2014-12-28,86.0,0.7,1019.75,9.0
2014-12-29,72.625,1.3875,1017.25,11.125
2014-12-30,70.625,2.55,1014.625,11.625
2014-12-31,67.125,2.7875,1016.875,12.375
2015-01-01,72.0,0.925,1017.5,14.75
2015-01-02,96.625,3.0125,1017.875,14.875
2015-01-03,92.0,0.925,1017.375,15.125
2015-01-04,78.75,9.512500000000001,1019.625,14.125
2015-01-05,69.375,15.049999999999999,1016.0,14.0
2015-01-06,79.875,4.3999999999999995,1015.5,12.0
2015-01-07,86.0,3.9375,1016.625,9.625
2015-01-08,87.875,3.4875,1019.125,10.0
2015-01-09,80.625,1.625,1020.125,10.625
2015-01-10,73.125,4.4125000000000005,1018.875,11.125
2015-01-11,80.75,4.8625,1019.125,11.0
2015-01-12,79.5,0.925,1019.5,10.625
2015-01-13,77.875,4.875,1017.125,12.25
2015-01-14,82.25,5.1000000000000005,1017.5,12.0
2015-01-15,79.125,0.925,1019.375,12.375
2015-01-16,78.125,4.6375,1019.25,13.0
2015-01-17,76.625,1.8625,1019.25,13.5
2015-01-18,73.875,2.5500000000000003,1018.75,13.0
2015-01-19,78.0,1.85,1018.875,13.75
2015-01-20,74.375,7.1875,1020.0,13.375
2015-01-21,73.375,3.6999999999999997,1021.0,13.25
2015-01-22,94.125,3.2375,1020.625,12.625
2015-01-23,85.0,1.1625,1020.0,14.625
2015-01-24,86.25,9.737499999999999,1020.75,12.375
2015-01-25,77.75,4.1625,1020.375,13.25
2015-01-26,88.125,0.925,1019.875,13.75
2015-01-27,74.25,5.3375,1019.3333333333334,13.25
2015-01-28,67.0,27.775000000000002,1018.25,11.714285714285714
2015-01-29,67.5,3.9375,1019.75,11.5
2015-01-30,56.125,12.037500000000001,1020.375,12.75
2015-01-31,57.625,9.025,1017.875,13.75
2015-02-01,65.25,5.1000000000000005,1017.75,15.0
2015-02-02,63.875,11.8125,1017.5,17.375
2015-02-03,71.25,7.175000000000002,1020.5,16.75
2015-02-04,81.125,9.25,1022.0,14.625
2015-02-05,62.875,7.3999999999999995,1019.25,14.625
2015-02-06,62.625,3.0125,1019.0,15.125
2015-02-07,67.625,1.85,1017.0,15.875
2015-02-08,63.875,4.4125000000000005,1017.375,16.625
2015-02-09,63.5,5.55,1019.75,16.875
2015-02-10,64.0,4.625,1019.75,15.75
2015-02-11,66.625,1.85,1017.125,16.0
2015-02-12,69.625,6.025,1016.125,15.5
2015-02-13,59.0,6.725,1012.625,17.25
2015-02-14,63.125,4.1625,1009.625,19.375
2015-02-15,70.125,1.3875000000000002,1012.625,18.875
2015-02-16,71.25,10.425,1013.625,20.625
2015-02-17,72.57142857142857,5.028571428571429,1011.8571428571429,21.142857142857142
2015-02-18,72.875,5.1000000000000005,1011.75,21.25
2015-02-19,73.5,7.65,1012.0,22.75
2015-02-20,67.125,7.187500000000001,1013.875,22.75
2015-02-21,63.5,11.3375,1014.125,21.875
2015-02-22,58.857142857142854,14.812499999999998,1013.375,22.142857142857142
2015-02-23,74.375,3.0250000000000004,1014.25,21.5
2015-02-24,72.375,6.0375,1010.625,22.875
2015-02-25,58.625,6.5,1008.5,23.125
2015-02-26,34.375,6.7124999999999995,1009.875,20.0
2015-02-27,43.125,5.800000000000001,1013.0,19.25
2015-02-28,45.5,6.950000000000001,1013.0,21.25
2015-03-01,92.75,14.8125,1011.125,17.375
2015-03-02,89.875,6.725,1012.5,17.5
2015-03-03,82.5,5.5625,1013.75,16.25
2015-03-04,69.25,6.7125,1014.0,16.75
2015-03-05,64.0,3.7,1015.75,18.75
2015-03-06,62.375,5.0875,1016.375,20.0
2015-03-07,80.375,4.175,1013.7142857142857,18.375
2015-03-08,74.125,7.8875,1015.375,19.5
2015-03-09,54.25,12.2625,1021.0,18.125
2015-03-10,68.5,8.5625,1019.125,17.75
2015-03-11,69.875,6.025,1018.125,18.25
2015-03-12,63.375,5.325000000000001,1017.0,20.5
2015-03-13,65.25,4.175000000000001,1014.75,21.375
2015-03-14,64.625,7.875,1015.125,21.5
2015-03-15,89.125,11.575000000000001,1015.5,17.625
2015-03-16,81.85714285714286,8.5625,1017.375,19.857142857142858
2015-03-17,70.375,13.2,1015.875,20.875
2015-03-18,69.625,12.262500000000001,1013.5,20.25
2015-03-19,66.0,5.3375,1014.875,21.125
2015-03-20,65.75,9.025,1014.875,22.5
2015-03-21,60.5,5.7875,1014.875,24.875
2015-03-22,64.0,10.2,1012.0,25.125
2015-03-23,65.75,7.637499999999999,1010.0,24.75
2015-03-24,65.5,1.3875000000000002,1010.25,25.75
2015-03-25,65.625,2.55,1011.8571428571429,26.625
2015-03-26,54.375,9.2625,1013.0,28.5
2015-03-27,51.375,7.65,1012.0,27.375
2015-03-28,53.625,3.7125000000000004,1009.625,27.0
2015-03-29,52.75,13.1875,1008.625,25.0
2015-03-30,66.25,14.8125,1010.375,23.5
2015-03-31,64.875,3.7,1010.1428571428571,25.25
2015-04-01,59.714285714285715,6.7125,1007.5,26.428571428571427
2015-04-02,45.285714285714285,10.174999999999999,1004.625,28.714285714285715
2015-04-03,71.125,6.9625,1004.75,24.5
2015-04-04,77.5,1.3875000000000002,1005.25,21.0
2015-04-05,67.71428571428571,17.6,1007.75,23.571428571428573
2015-04-06,60.125,2.775,1007.75,25.0
2015-04-07,62.125,9.7375,1010.25,23.75
2015-04-08,50.375,6.712500000000001,1012.0,25.625
2015-04-09,52.875,9.0375,1010.5,26.0
2015-04-10,52.25,6.25,1008.5,27.125
2015-04-11,44.875,8.1,1008.375,28.25
2015-04-12,63.0,5.325,1012.375,24.375
2015-04-13,70.875,6.950000000000001,1013.75,24.75
2015-04-14,62.75,3.0125,1012.75,26.25
2015-04-15,59.25,5.7875000000000005,1012.875,27.625
2015-04-16,58.25,8.1125,1013.875,25.25
2015-04-17,48.75,8.3375,1007.125,28.125
2015-04-18,44.5,5.562500000000001,1002.375,30.125
2015-04-19,41.0,4.175,1003.875,32.125
2015-04-20,37.875,7.1875,1005.75,32.875
2015-04-21,28.5,11.1125,1005.625,31.75
2015-04-22,30.25,11.349999999999998,1003.125,30.75
2015-04-23,33.0,8.1,1004.0,30.75
2015-04-24,39.5,2.5500000000000003,1004.375,31.125
2015-04-25,43.125,12.975,1005.875,30.5
2015-04-26,51.125,15.737499999999999,1008.0,28.75
2015-04-27,53.0,17.5875,1006.75,30.125
2015-04-28,48.25,12.5125,1004.5,31.0
2015-04-29,47.25,9.025,1005.0,31.25
2015-04-30,44.75,15.05,1004.0,32.625
2015-05-01,43.5,5.3375,1005.875,31.25
2015-05-02,40.25,4.4,1006.25,30.125
2015-05-03,39.25,3.0124999999999997,1006.625,31.0
2015-05-04,39.25,3.9375,1006.625,30.875
2015-05-05,31.125,7.6499999999999995,1003.875,32.125
2015-05-06,22.0,11.362499999999999,1001.875,34.125
2015-05-07,13.428571428571429,15.342857142857143,1003.5714285714286,35.42857142857143
2015-05-08,22.375,12.274999999999999,1003.25,34.125
2015-05-09,27.0,8.3375,1001.625,35.125
2015-05-10,25.0,6.9625,1001.375,35.125
2015-05-11,32.625,10.887500000000001,1003.625,34.0
2015-05-12,46.0,6.0375000000000005,1004.875,33.125
2015-05-13,61.0,6.7125,1006.125,27.75
2015-05-14,49.625,4.4125,1007.25,29.625
2015-05-15,52.125,7.175000000000001,1006.5,28.5
2015-05-16,51.625,4.1625,1003.25,30.0
2015-05-17,40.375,8.35,1001.125,33.25
2015-05-18,35.75,5.562500000000001,1000.0,35.375
2015-05-19,44.0,14.812500000000002,1002.125,31.5
2015-05-20,31.625,14.600000000000001,1002.0,33.125
2015-05-21,24.625,11.3375,1000.375,35.625
2015-05-22,19.5,12.5125,998.125,36.25
2015-05-23,21.75,12.725000000000001,996.125,37.375
2015-05-24,29.25,5.1000000000000005,997.375,36.0
2015-05-25,22.25,10.875,996.875,37.75
2015-05-26,26.625,17.125,1001.5,35.25
2015-05-27,20.5,6.7125,1001.25,33.75
2015-05-28,29.5,8.3375,1000.625,34.75
2015-05-29,27.25,8.125,1001.625,35.125
2015-05-30,38.75,12.2625,1003.875,32.25
2015-05-31,25.0,14.5875,1001.75,34.25
2015-06-01,41.75,12.512500000000001,1003.25,29.375
2015-06-02,39.25,8.575,1003.5,31.625
2015-06-03,50.5,6.7250000000000005,1004.625,28.625
2015-06-04,48.375,4.8625,1004.0,31.875
2015-06-05,39.875,6.0125,1003.5,32.625
2015-06-06,39.75,7.862500000000001,1001.375,33.375
2015-06-07,36.25,7.175000000000001,999.25,35.0
2015-06-08,33.0,6.25,998.875,36.5
2015-06-09,23.875,18.75,998.875,37.625
2015-06-10,32.285714285714285,18.049999999999997,999.625,36.625
2015-06-11,34.75,18.287499999999998,1000.0,35.625
2015-06-12,34.625,12.737499999999999,998.5,35.875
2015-06-13,48.125,10.1875,998.8571428571429,31.125
2015-06-14,77.625,3.95,1000.2857142857143,27.0
2015-06-15,60.75,3.0125,999.5714285714286,31.0
2015-06-16,52.125,2.7875,999.1428571428571,32.375
2015-06-17,49.75,3.25,998.0,33.875
2015-06-18,45.125,3.0125,997.625,35.125
2015-06-19,46.75,8.575,996.25,35.875
2015-06-20,48.5,12.975,997.875,33.125
2015-06-21,63.625,8.1125,998.125,30.375
2015-06-22,59.5,4.4,995.625,32.125
2015-06-23,61.625,6.012500000000001,995.0,31.5
2015-06-24,63.875,6.5,995.375,37.25
2015-06-25,82.75,6.2625,994.75,26.625
2015-06-26,54.25,11.5625,995.25,31.125
2015-06-27,48.25,14.112499999999999,997.125,32.625
2015-06-28,47.5,9.0375,1000.2857142857143,34.25
2015-06-29,56.625,11.562500000000002,1003.625,31.125
2015-06-30,58.625,9.9625,1002.625,30.875
2015-07-01,53.25,4.175000000000001,1001.875,32.0
2015-07-02,45.875,6.949999999999999,1001.125,33.75
2015-07-03,49.0,14.35,999.625,33.0
2015-07-04,51.5,16.900000000000002,997.5,34.125
2015-07-05,47.285714285714285,14.014285714285714,995.4285714285714,35.714285714285715
2015-07-06,83.25,9.275,997.875,27.875
2015-07-07,86.125,1.85,998.125,28.125
2015-07-08,72.0,2.7750000000000004,998.625,31.25
2015-07-09,77.25,2.55,998.625,29.625
2015-07-10,92.125,6.025,998.75,26.625
2015-07-11,98.0,3.2375000000000003,999.3333333333334,25.5
2015-07-12,94.75,7.425000000000001,998.625,25.5
2015-07-13,73.125,4.8625,1000.625,29.875
2015-07-14,67.875,10.875,997.8571428571429,30.875
2015-07-15,52.875,17.137500000000003,993.75,33.375
2015-07-16,61.375,13.437499999999998,994.75,31.75
2015-07-17,75.625,4.4,997.25,30.75
2015-07-18,78.875,4.175,998.0,29.5
2015-07-19,70.0,0.7,997.625,30.125
2015-07-20,78.0,4.8625,999.125,29.125
2015-07-21,69.25,8.125,1000.0,31.375
2015-07-22,64.125,7.875000000000002,1001.125,32.25
2015-07-23,64.875,8.575000000000001,1001.75,32.125
2015-07-24,64.75,6.7125,1001.0,32.0
2015-07-25,71.0,19.9125,998.5714285714286,30.857142857142858
2015-07-26,71.625,16.8875,998.875,30.0
2015-07-27,69.0,11.3375,1000.2857142857143,29.625
2015-07-28,61.0,11.587499999999999,1000.125,29.5
2015-07-29,68.125,10.875,998.0,28.5
2015-07-30,67.75,9.9625,998.875,29.0
2015-07-31,71.0,4.175000000000001,999.75,29.0
2015-08-01,71.75,0.925,1002.75,28.25
2015-08-02,69.5,2.55,1003.625,29.625
2015-08-03,58.625,5.325,1001.875,31.5
2015-08-04,77.78571428571429,4.771428571428572,1000.0714285714286,29.428571428571427
2015-08-05,79.65625,8.221875,1000.28125,29.59375
2015-08-06,79.125,3.0250000000000004,998.0,29.5
2015-08-07,83.0,2.3125,1000.0,29.25
2015-08-08,84.875,1.625,1002.0,28.875
2015-08-09,90.125,3.0125,1000.25,27.375
2015-08-10,77.0,0.0,1000.0,30.375
2015-08-11,86.625,0.4625,1003.0,28.375
2015-08-12,74.25,0.0,1003.125,30.75
2015-08-13,69.5,0.4625,1001.875,32.0
2015-08-14,72.625,3.4749999999999996,1002.0,30.875
2015-08-15,85.5,0.0,1002.75,28.5
2015-08-16,82.625,1.85,1002.875,28.625
2015-08-17,72.625,0.7,1001.375,30.75
2015-08-18,72.875,4.875,1002.5714285714286,29.125
2015-08-19,61.25,33.325,1002.375,31.25
2015-08-20,58.625,14.6,1001.375,30.75
2015-08-21,72.0,8.575,1002.0,29.375
2015-08-22,65.375,5.800000000000001,1000.875,30.25
2015-08-23,69.375,5.5625,1000.8571428571429,29.875
2015-08-24,65.625,7.1875,1001.75,30.75
2015-08-25,57.285714285714285,10.071428571428571,1001.0,32.0
2015-08-26,61.0,4.862500000000001,1001.125,32.0
2015-08-27,61.0,5.325000000000001,1002.0,32.5
2015-08-28,63.5,2.3125,1002.25,32.0
2015-08-29,58.0,5.812500000000001,1001.375,32.25
2015-08-30,56.5,9.274999999999999,1001.375,32.625
2015-08-31,54.42857142857143,13.485714285714286,1001.8333333333334,31.857142857142858
2015-09-01,47.625,15.275,1000.8571428571429,32.125
2015-09-02,45.625,12.737499999999999,1001.75,31.875
2015-09-03,49.125,10.1875,1005.5,31.625
2015-09-04,42.625,11.35,1007.875,32.0
2015-09-05,47.25,7.637499999999999,1007.125,30.875
2015-09-06,41.8,7.6375,1006.25,31.25
2015-09-07,46.375,9.4875,1005.75,31.5
2015-09-08,47.0,11.8125,1005.5,31.625
2015-09-09,47.875,10.1875,1005.625,31.0
2015-09-10,46.5,8.575000000000001,1006.75,31.25
2015-09-11,49.75,6.012499999999999,1006.25,30.75
2015-09-12,54.42857142857143,3.1714285714285717,1006.0,32.142857142857146
2015-09-13,55.25,1.3875000000000002,1005.875,32.125
2015-09-14,54.375,2.55,1003.625,31.875
2015-09-15,55.0,0.4625,1003.25,33.0
2015-09-16,55.0,1.4,1003.625,32.375
2015-09-17,58.375,1.1625,1004.375,31.375
2015-09-18,67.625,7.4125000000000005,1005.125,31.0
2015-09-19,74.25,2.0875000000000004,1003.625,30.625
2015-09-20,69.14285714285714,5.557142857142858,1002.8571428571429,29.142857142857142
2015-09-21,64.5,5.800000000000002,1002.5,30.125
2015-09-22,64.375,10.187499999999998,1002.5,30.25
2015-09-23,61.25,13.675,1006.375,28.625
2015-09-24,52.375,11.575,1004.625,28.25
2015-09-25,49.375,8.575,1003.75,28.5
2015-09-26,53.5,6.25,1005.25,29.25
2015-09-27,58.142857142857146,2.9142857142857146,1007.0,28.714285714285715
2015-09-28,58.5,3.9375,1009.0,28.25
2015-09-29,54.57142857142857,9.528571428571428,1010.5714285714286,29.0
2015-09-30,46.875,8.3375,1011.375,29.0
2015-10-01,51.25,5.574999999999999,1012.0,28.125
2015-10-02,53.714285714285715,14.5875,1010.75,28.285714285714285
2015-10-03,52.333333333333336,18.785714285714285,1008.7142857142857,30.0
2015-10-04,54.375,3.0250000000000004,1008.125,29.0
2015-10-05,59.375,1.3875000000000002,1009.25,28.875
2015-10-06,61.125,4.6375,1009.0,28.375
2015-10-07,65.75,6.4750000000000005,1009.125,28.625
2015-10-08,65.125,4.4125000000000005,1007.5,28.375
2015-10-09,59.75,6.025,1004.25,28.5
2015-10-10,54.625,6.7125,1005.0,28.5
2015-10-11,51.57142857142857,6.885714285714286,1008.7142857142857,28.571428571428573
2015-10-12,54.125,3.25,1010.0,29.25
2015-10-13,62.875,3.7250000000000005,1011.0,29.5
2015-10-14,63.625,4.875000000000001,1013.25,28.125
2015-10-15,66.0,0.4625,1013.5,27.5
2015-10-16,62.625,0.925,1013.5,27.875
2015-10-17,63.75,3.7125,1012.25,28.0
2015-10-18,71.71428571428571,11.1125,1013.125,26.857142857142858
2015-10-19,66.28571428571429,3.4571428571428577,1011.7142857142857,28.142857142857142
2015-10-20,64.85714285714286,2.9142857142857146,1009.8571428571429,27.714285714285715
2015-10-21,62.125,2.0875,1011.875,26.5
2015-10-22,56.0,4.4,1012.25,24.75
2015-10-23,51.625,4.862500000000001,1011.875,24.0
2015-10-24,53.25,1.4000000000000001,1011.625,24.875
2015-10-25,47.125,5.575,1012.75,26.375
2015-10-26,52.125,5.574999999999999,1014.875,25.625
2015-10-27,54.25,3.4749999999999996,1013.875,24.75
2015-10-28,57.25,7.875000000000001,1015.875,20.875
2015-10-29,63.5,1.85,1016.875,22.125
2015-10-30,67.25,1.625,1016.375,22.375
2015-10-31,69.375,1.1625,1016.125,22.375
2015-11-01,70.5,0.925,1016.25,22.875
2015-11-02,71.375,0.4625,1015.875,23.375
2015-11-03,67.875,0.475,1014.25,24.0
2015-11-04,69.0,0.925,1012.25,23.75
2015-11-05,75.25,5.100000000000001,1012.375,22.125
2015-11-06,74.375,2.325,1012.75,22.875
2015-11-07,74.875,1.1625,1014.625,21.875
2015-11-08,70.25,1.8624999999999998,1015.875,21.875
2015-11-09,73.625,0.7,1015.0,21.75
2015-11-10,72.625,0.7,1013.5,22.75
2015-11-11,59.5,4.6375,1014.375,21.875
2015-11-12,60.5,5.7875,1015.375,21.875
2015-11-13,59.375,5.325,1014.875,22.375
2015-11-14,59.625,3.475,1012.0,22.375
2015-11-15,62.0,0.0,1012.0,22.5
2015-11-16,50.375,2.7874999999999996,1012.625,21.875
2015-11-17,48.375,5.1000000000000005,1013.5,19.875
2015-11-18,57.625,4.4,1016.375,18.5
2015-11-19,64.75,0.925,1017.5,18.5
2015-11-20,66.0,0.4625,1016.125,18.5
2015-11-21,67.625,1.3875000000000002,1015.5,18.75
2015-11-22,64.875,0.4625,1015.125,18.625
2015-11-23,73.5,0.0,1015.875,17.0
2015-11-24,63.0,1.625,1016.0,18.5
2015-11-25,56.375,5.7875000000000005,1014.75,19.375
2015-11-26,59.5,0.925,1012.75,20.0
2015-11-27,66.25,2.55,1011.25,18.5
2015-11-28,82.125,1.1625,1015.375,18.75
2015-11-29,81.25,1.1625,1018.0,18.125
2015-11-30,82.375,0.925,1016.75,19.5
2015-12-01,78.75,1.625,1014.75,19.25
2015-12-02,72.125,2.0875,1016.125,18.125
2015-12-03,70.25,7.1875,1016.0,17.625
2015-12-04,67.5,4.6375,1015.0,17.625
2015-12-05,72.375,0.925,1015.875,17.5
2015-12-06,75.875,1.4000000000000001,1016.5,17.125
2015-12-07,76.875,2.3125,1017.25,17.625
2015-12-08,71.28571428571429,1.0571428571428572,1015.7142857142857,18.428571428571427
2015-12-09,78.125,3.475,1015.25,18.375
2015-12-10,77.25,2.0875000000000004,1011.75,19.0
2015-12-11,77.875,5.1000000000000005,1011.375,17.25
2015-12-12,91.0,4.3999999999999995,1014.25,13.25
2015-12-13,67.0,3.475,1016.5,12.875
2015-12-14,63.625,7.400000000000001,1017.0,13.25
2015-12-15,63.875,5.325,1016.5,13.125
2015-12-16,65.5,1.1625,1016.375,13.0
2015-12-17,73.625,0.925,1016.875,12.25
2015-12-18,71.25,4.4,1018.625,12.875
2015-12-19,71.875,3.4875,1019.0,12.375
2015-12-20,70.25,1.1625,1018.5,11.75
2015-12-21,74.75,1.3875000000000002,1018.875,12.625
2015-12-22,79.875,0.7,1020.875,12.0
2015-12-23,81.375,3.4875000000000003,1020.625,12.5
2015-12-24,68.625,6.025,1021.25,11.25
2015-12-25,66.125,5.5625,1022.0,11.5
2015-12-26,64.5,6.4875,1021.125,12.75
2015-12-27,63.25,7.8875,1020.625,15.375
2015-12-28,58.125,10.8875,1020.875,17.125
2015-12-29,65.0,7.4125000000000005,1018.125,16.375
2015-12-30,71.75,2.0999999999999996,1017.5,15.5
2015-12-31,71.375,2.0875,1020.5,15.0
2016-01-01,72.28571428571429,1.0571428571428572,1021.1428571428571,14.714285714285714
2016-01-02,75.875,2.0875,1021.0,14.0
2016-01-03,74.75,5.112500000000001,1018.5,14.375
2016-01-04,77.125,0.0,1017.625,15.75
2016-01-05,88.83333333333333,0.6166666666666667,1017.0,15.833333333333334
2016-01-06,81.625,2.3125,1016.5,17.375
2016-01-07,87.0,0.0,1018.125,17.125
2016-01-08,83.25,7.887500000000001,1017.25,15.5
2016-01-09,65.14285714285714,8.471428571428572,1015.4285714285714,15.857142857142858
2016-01-10,74.375,2.775,1017.5,15.625
2016-01-11,74.875,1.625,1017.5,15.75
2016-01-12,69.6875,6.03125,1014.9375,18.0
2016-01-13,75.8,5.08,1014.3333333333334,18.266666666666666
2016-01-14,80.4375,4.300000000000001,1016.125,15.5625
2016-01-15,84.1875,10.775,1017.0,13.0
2016-01-16,80.06666666666666,11.239999999999998,1014.6,13.6
2016-01-17,77.66666666666667,2.1066666666666665,1016.2,14.0
2016-01-18,80.46666666666667,1.4800000000000002,1014.7333333333333,13.266666666666667
2016-01-19,88.57142857142857,4.65,1015.2857142857143,12.357142857142858
2016-01-20,84.2,6.193333333333333,1018.6666666666666,12.066666666666666
2016-01-21,73.1875,7.887499999999998,1020.1875,12.1875
2016-01-22,83.4,3.586666666666667,1019.4666666666667,11.733333333333333
2016-01-23,75.875,3.2500000000000004,1019.8125,14.4375
2016-01-24,86.25,6.624999999999999,1019.0625,11.1875
2016-01-25,75.4,4.58,1017.2,11.666666666666666
2016-01-26,79.6875,2.5500000000000003,1015.375,14.5625
2016-01-27,69.16666666666667,4.025,1014.1666666666666,17.583333333333332
2016-01-28,69.35714285714286,5.028571428571429,1015.0714285714286,16.857142857142858
2016-01-29,70.625,2.54375,1017.375,19.5625
2016-01-30,78.5,1.2,1014.5,20.142857142857142
2016-01-31,78.25,7.762500000000001,1016.0,17.375
2016-02-01,65.76923076923077,7.269230769230768,1017.1538461538462,15.846153846153847
2016-02-02,55.86666666666667,8.893333333333333,1018.2,15.266666666666667
2016-02-03,66.5,7.622222222222222,1018.0,13.125
2016-02-04,53.0,6.941666666666666,1017.3333333333334,16.363636363636363
2016-02-05,70.66666666666667,2.1666666666666665,1016.8333333333334,12.666666666666666
2016-02-06,69.5,3.6999999999999997,1013.3333333333334,15.333333333333334
2016-02-07,77.0,2.7875,1015.75,15.625
2016-02-08,67.18181818181819,5.9,1017.0909090909091,17.09090909090909
2016-02-09,67.46153846153847,5.846153846153848,1014.6923076923077,17.76923076923077
2016-02-10,64.86666666666666,2.1,1012.7333333333333,18.133333333333333
2016-02-11,54.75,6.03125,1011.25,19.6875
2016-02-12,57.86666666666667,0.7466666666666666,1012.5333333333333,19.2
2016-02-13,62.13333333333333,5.8066666666666675,1014.8666666666667,17.066666666666666
2016-02-14,61.92857142857143,8.071428571428571,1017.2142857142857,17.642857142857142
2016-02-15,59.53333333333333,5.94,1018.7333333333333,17.6
2016-02-16,56.142857142857146,5.435714285714285,1020.0714285714286,18.214285714285715
2016-02-17,59.285714285714285,3.7071428571428577,1019.1428571428571,18.714285714285715
2016-02-18,76.0,5.186666666666667,1017.4,19.466666666666665
2016-02-19,70.23076923076923,4.1461538461538465,1014.6153846153846,23.153846153846153
2016-02-20,73.125,11.11875,1014.125,23.625
2016-02-21,61.125,17.137500000000003,1014.75,21.0
2016-02-22,51.42857142857143,15.207142857142859,1014.4285714285714,21.0
2016-02-23,50.642857142857146,9.785714285714286,1012.5,21.428571428571427
2016-02-24,58.0625,2.4437500000000005,1012.9375,21.6875
2016-02-25,57.5,5.3375,1015.5,22.5625
2016-02-26,55.6,2.48,1018.4,22.8
2016-02-27,59.0,3.333333333333334,1018.4666666666667,22.8
2016-02-28,63.0625,3.712500000000001,1018.9375,23.0
2016-02-29,63.9375,3.712500000000001,1018.625,23.875
2016-03-01,57.416666666666664,1.7,1015.0,24.916666666666668
2016-03-02,57.06666666666667,1.7333333333333334,1015.4,24.933333333333334
2016-03-03,55.61538461538461,4.292307692307692,1014.6153846153846,26.0
2016-03-04,44.25,6.14375,1012.6875,27.3125
2016-03-05,57.13333333333333,11.0,1012.6666666666666,23.933333333333334
2016-03-06,66.5625,5.21875,1013.0625,22.8125
2016-03-07,64.14285714285714,5.171428571428572,1012.3571428571429,23.714285714285715
2016-03-08,60.214285714285715,6.742857142857142,1011.6428571428571,23.428571428571427
2016-03-09,57.5625,9.375,1012.0625,24.0
2016-03-10,57.4375,7.981249999999999,1013.1875,25.5625
2016-03-11,67.8,6.546666666666667,1012.5333333333333,25.066666666666666
2016-03-12,66.9375,9.487499999999999,1009.5625,24.5625
2016-03-13,65.1875,6.84375,1011.1875,24.25
2016-03-14,66.0,6.275,1014.3125,22.375
2016-03-15,58.93333333333333,8.646666666666667,1014.8666666666667,24.066666666666666
2016-03-16,53.75,10.88125,1012.8125,23.9375
2016-03-17,50.3125,6.84375,1010.4375,26.3125
2016-03-18,61.25,6.7125,1009.8125,26.1875
2016-03-19,61.857142857142854,3.578571428571429,1009.2142857142857,26.785714285714285
2016-03-20,58.733333333333334,2.8466666666666667,1010.3333333333334,27.133333333333333
2016-03-21,43.375,12.2625,1011.125,26.625
2016-03-22,37.875,22.1,1009.375,25.0625
2016-03-23,43.266666666666666,10.641666666666667,1010.0,26.2
2016-03-24,46.86666666666667,3.2133333333333334,1013.3333333333334,28.133333333333333
2016-03-25,50.1875,3.3687500000000004,1013.1875,29.875
2016-03-26,62.666666666666664,9.393333333333334,1013.6,24.666666666666668
2016-03-27,53.6875,9.156249999999996,1012.8125,26.25
2016-03-28,52.8,6.546666666666667,7679.333333333333,25.933333333333334
2016-03-29,47.75,7.293749999999999,1011.3125,27.125
2016-03-30,39.785714285714285,7.021428571428571,1011.1428571428571,29.571428571428573
2016-03-31,39.733333333333334,4.333333333333333,1009.2,30.0
2016-04-01,38.214285714285715,12.035714285714283,1006.7142857142857,30.571428571428573
2016-04-02,38.5625,5.4625,1008.0,32.3125
2016-04-03,44.25,2.55,1008.375,33.3125
2016-04-04,33.125,8.0,1006.6875,32.8125
2016-04-05,29.3125,9.268749999999999,1007.0,32.3125
2016-04-06,33.125,3.475,1006.875,31.375
2016-04-07,37.0,10.85,1007.2666666666667,29.933333333333334
2016-04-08,36.0,4.686666666666667,1009.2,29.266666666666666
2016-04-09,32.46666666666667,12.61875,1009.3125,30.733333333333334
2016-04-10,29.0,5.225,1008.8125,32.25
2016-04-11,35.0,16.04,1009.4,29.8
2016-04-12,36.2,19.380000000000003,1006.3333333333334,30.2
2016-04-13,28.0625,18.643749999999997,1003.3125,31.75
2016-04-14,23.875,10.425,1003.8125,33.125
2016-04-15,25.375,9.8375,1004.625,33.625
2016-04-16,23.6875,11.112499999999999,1003.0625,35.6875
2016-04-17,23.866666666666667,9.386666666666665,1002.6666666666666,34.666666666666664
2016-04-18,30.125,7.175,1004.6875,34.625
2016-04-19,33.6,4.566666666666666,1005.8666666666667,34.0
2016-04-20,25.9375,14.01875,1006.4375,34.0625
2016-04-21,24.666666666666668,15.75,1003.4,34.0
2016-04-22,24.25,8.35,1001.7272727272727,33.25
2016-04-23,21.818181818181817,19.653846153846157,1001.8461538461538,31.916666666666668
2016-04-24,22.125,10.1875,1003.0625,31.3125
2016-04-25,22.8125,6.949999999999999,1005.5625,31.75
2016-04-26,25.1875,3.8312500000000003,1007.1875,33.4375
2016-04-27,29.0625,4.981249999999999,1005.6875,33.125
2016-04-28,21.76923076923077,11.823076923076922,1004.6923076923077,34.15384615384615
2016-04-29,23.285714285714285,9.123076923076923,1005.7142857142857,34.07142857142857
2016-04-30,25.5625,5.2125,1004.8125,33.0625
2016-05-01,23.375,8.575,1002.4375,34.6875
2016-05-02,18.466666666666665,9.513333333333334,1002.2,38.0
2016-05-03,30.375,6.4937499999999995,1004.3125,35.5
2016-05-04,31.857142857142858,10.464285714285717,1003.7857142857143,33.714285714285715
2016-05-05,42.0,11.246666666666666,1007.4666666666667,30.6
2016-05-06,37.4375,8.225,1007.0,31.4375
2016-05-07,37.1875,4.65,1005.5625,33.3125
2016-05-08,36.333333333333336,7.293333333333332,1005.9333333333333,35.13333333333333
2016-05-09,40.6,18.425,1006.0625,33.53333333333333
2016-05-10,39.75,10.55625,1006.5625,34.0
2016-05-11,49.9375,7.774999999999999,1006.0625,32.5
2016-05-12,40.0,5.1,1002.25,35.375
2016-05-13,28.11764705882353,8.07058823529412,1001.3529411764706,37.294117647058826
2016-05-14,31.875,4.16875,1003.125,36.5625
2016-05-15,29.5,4.75,1003.5625,37.25
2016-05-16,23.5,9.019999999999998,1000.8,37.214285714285715
2016-05-17,25.8125,9.612499999999999,998.9375,37.5
2016-05-18,27.625,8.45,997.8125,37.75
2016-05-19,40.5,9.3875,998.625,37.375
2016-05-20,44.2,8.413333333333334,996.9333333333333,37.4
2016-05-21,45.4,10.873333333333333,995.9333333333333,36.13333333333333
2016-05-22,44.8,6.553333333333333,996.4666666666667,36.8
2016-05-23,47.92857142857143,14.95,999.5714285714286,32.214285714285715
2016-05-24,53.526315789473685,8.494736842105263,1000.7368421052631,31.526315789473685
2016-05-25,46.608695652173914,10.160869565217393,997.4782608695652,33.21739130434783
2016-05-26,44.57692307692308,15.17692307692308,999.1538461538462,35.26923076923077
2016-05-27,26.09090909090909,15.31818181818182,999.9545454545455,38.27272727272727
2016-05-28,37.25,14.405555555555553,999.8333333333334,36.0625
2016-05-29,57.0625,11.68125,1001.25,31.5
2016-05-30,74.8125,9.4875,1003.8125,26.8125
2016-05-31,51.214285714285715,7.4071428571428575,1002.3076923076923,32.642857142857146
2016-06-01,42.2,9.133333333333335,1002.7333333333333,36.0
2016-06-02,35.3125,11.93125,1002.0,37.5625
2016-06-03,40.6875,2.7812500000000004,1002.25,37.5625
2016-06-04,42.06666666666667,3.2066666666666666,1001.8666666666667,38.2
2016-06-05,51.75,8.5,1002.8333333333334,36.166666666666664
2016-06-06,45.714285714285715,11.0,1001.5714285714286,35.42857142857143
2016-06-07,59.1875,21.306250000000002,1002.0625,34.625
2016-06-08,44.642857142857146,8.485714285714284,999.2142857142857,36.07142857142857
2016-06-09,43.733333333333334,9.26,938.0666666666667,35.733333333333334
2016-06-10,41.86666666666667,10.08125,998.25,36.13333333333333
2016-06-11,49.9375,8.812500000000002,999.0,33.4375
2016-06-12,37.125,9.1625,998.8125,35.5
2016-06-13,43.3125,12.85,998.1875,36.0
2016-06-14,55.125,11.859999999999998,997.8125,32.625
2016-06-15,48.86666666666667,10.513333333333332,996.1333333333333,34.733333333333334
2016-06-16,51.285714285714285,11.39285714285714,999.0,33.5
2016-06-17,52.25,7.425,999.4285714285714,34.1875
2016-06-18,50.57142857142857,10.857142857142858,1000.8571428571429,35.857142857142854
2016-06-19,53.25,9.387499999999998,1001.375,35.625
2016-06-20,73.9375,7.643750000000001,1000.6875,30.9375
2016-06-21,62.1875,8.91875,999.9375,32.875
2016-06-22,60.8125,7.418750000000001,1001.5625,33.125
2016-06-23,51.61538461538461,5.875000000000001,999.6923076923077,33.84615384615385
2016-06-24,46.5625,7.762499999999999,998.3125,36.4375
2016-06-25,55.92857142857143,9.664285714285713,1000.0714285714286,35.42857142857143
2016-06-26,57.46666666666667,7.660000000000001,1000.375,34.86666666666667
2016-06-27,61.25,7.9937499999999995,998.8666666666667,34.3125
2016-06-28,75.07142857142857,5.435714285714285,1001.5,30.785714285714285
2016-06-29,58.875,8.449999999999998,1001.1875,35.375
2016-06-30,60.2,6.793333333333333,997.8666666666667,35.46666666666667
2016-07-01,73.4,8.35,1002.5625,32.125
2016-07-02,80.0,5.231250000000001,998.375,28.4
2016-07-03,78.125,1.96875,998.25,29.5625
2016-07-04,76.3125,3.481250000000001,997.125,30.6875
2016-07-05,68.6875,5.3375,995.5625,33.25
2016-07-06,64.06666666666666,8.878571428571428,996.8666666666667,33.266666666666666
2016-07-07,63.0,5.91875,997.6875,33.5
2016-07-08,75.86666666666666,5.4333333333333345,997.4,30.8
2016-07-09,66.0625,6.73125,996.75,33.25
2016-07-10,65.6875,4.7,996.0625,32.5625
2016-07-11,71.9375,8.046666666666665,997.75,31.5
2016-07-12,80.1875,5.5625,999.0625,30.5
2016-07-13,76.3125,6.806666666666667,998.4375,31.25
2016-07-14,80.4375,5.21875,998.375,30.4375
2016-07-15,78.0625,7.271428571428571,998.625,31.0
2016-07-16,93.875,4.371428571428571,999.875,27.125
2016-07-17,86.5625,6.6000000000000005,1001.3333333333334,28.125
2016-07-18,91.26666666666667,7.653333333333333,1000.8,27.666666666666668
2016-07-19,69.125,13.656249999999998,999.875,32.3125
2016-07-20,59.5625,12.9625,999.625,34.1875
2016-07-21,56.86666666666667,11.479999999999999,999.2666666666667,34.13333333333333
2016-07-22,56.125,8.687500000000002,999.3333333333334,34.125
2016-07-23,66.0,7.768750000000001,1001.625,31.875
2016-07-24,72.25,2.43125,946.3125,31.4375
2016-07-25,69.125,2.9125000000000005,1001.875,31.9375
2016-07-26,82.0,6.485714285714287,1003.125,30.3125
2016-07-27,88.25,4.293750000000001,1004.625,28.3125
2016-07-28,81.33333333333333,5.186666666666667,1002.0666666666667,29.533333333333335
2016-07-29,92.4375,2.43125,1000.9375,27.375
2016-07-30,92.26666666666667,1.8599999999999999,1001.2,27.333333333333332
2016-07-31,83.13333333333334,4.7,1000.6666666666666,29.266666666666666
2016-08-01,84.25,5.9125000000000005,999.125,29.125
2016-08-02,72.125,6.375,310.4375,30.6875
2016-08-03,63.5625,5.45,998.5,32.5625
2016-08-04,63.888888888888886,7.927777777777779,998.7777777777778,33.111111111111114
2016-08-05,61.666666666666664,4.319999999999999,999.3333333333334,33.8
2016-08-06,76.0,6.926666666666667,1000.8,30.066666666666666
2016-08-07,65.17647058823529,7.852941176470587,1000.5294117647059,33.11764705882353
2016-08-08,62.38095238095238,9.440909090909091,999.6363636363636,33.80952380952381
2016-08-09,71.65384615384616,9.549999999999999,998.5,31.615384615384617
2016-08-10,71.25925925925925,10.159259259259262,999.3703703703703,32.0
2016-08-11,89.46428571428571,7.82142857142857,1001.6071428571429,28.107142857142858
2016-08-12,85.0,3.848148148148149,1002.2857142857143,29.035714285714285
2016-08-13,77.07142857142857,3.2296296296296303,1001.0714285714286,30.321428571428573
2016-08-14,83.7,6.369999999999998,633.9,28.933333333333334
2016-08-15,67.64285714285714,12.725,999.2857142857143,31.678571428571427
2016-08-16,66.41666666666667,14.66666666666667,-3.0416666666666665,31.333333333333332
2016-08-17,72.5,6.325,999.5185185185185,29.928571428571427
2016-08-18,79.81481481481481,1.7222222222222225,999.9230769230769,29.88888888888889
2016-08-19,68.28571428571429,1.917857142857143,999.8928571428571,32.07142857142857
2016-08-20,66.48148148148148,10.366666666666667,1000.16,33.18518518518518
2016-08-21,68.07407407407408,10.022222222222224,1001.1923076923077,31.59259259259259
2016-08-22,65.55555555555556,8.237037037037037,1002.8888888888889,32.18518518518518
2016-08-23,70.08,6.084,1003.24,31.48
2016-08-24,79.28571428571429,8.419230769230769,1002.5,30.178571428571427
2016-08-25,72.44,6.276923076923075,1004.4230769230769,31.52
2016-08-26,73.81481481481481,4.392592592592593,1005.2222222222222,31.22222222222222
2016-08-27,70.28571428571429,7.1499999999999995,1006.1428571428571,31.785714285714285
2016-08-28,66.24,7.2719999999999985,1006.2,33.4
2016-08-29,82.32142857142857,5.825,1003.6071428571429,29.571428571428573
2016-08-30,76.8,8.903846153846153,1002.1923076923077,30.04
2016-08-31,89.55555555555556,6.729629629629631,1003.0370370370371,27.25925925925926
2016-09-01,87.24,4.148,1002.44,27.96
2016-09-02,71.73913043478261,13.204347826086956,1001.2727272727273,30.73913043478261
2016-09-03,62.68421052631579,13.263157894736842,1001.1578947368421,30.894736842105264
2016-09-04,59.30769230769231,11.12307692307692,1002.9230769230769,31.692307692307693
2016-09-05,60.30769230769231,13.961538461538463,1003.2307692307693,31.076923076923077
2016-09-06,55.0,13.437499999999998,1003.75,30.375
2016-09-07,57.7,9.1,1003.4545454545455,31.1
2016-09-08,58.0,10.808333333333332,1005.1666666666666,31.916666666666668
2016-09-09,56.666666666666664,11.52222222222222,1004.3333333333334,30.555555555555557
2016-09-10,58.23076923076923,11.969230769230771,1005.2307692307693,31.23076923076923
2016-09-11,56.4,8.15,1003.8,31.0
2016-09-12,55.5,10.85,1005.0714285714286,31.642857142857142
2016-09-13,57.06666666666667,8.526666666666666,1006.4,32.53333333333333
2016-09-14,70.35714285714286,4.235714285714287,1006.9285714285714,30.857142857142858
2016-09-15,59.63636363636363,11.9,1004.75,31.727272727272727
2016-09-16,58.0,3.5200000000000005,1004.4,31.4
2016-09-17,58.0,2.707692307692308,1003.1538461538462,32.30769230769231
2016-09-18,58.833333333333336,17.908333333333335,1005.0,32.25
2016-09-19,59.458333333333336,2.0875,1004.7083333333334,32.375
2016-09-20,54.074074074074076,2.56923076923077,1003.5185185185185,33.44444444444444
2016-09-21,58.96,6.0920000000000005,1005.4,33.36
2016-09-22,67.62962962962963,8.107407407407404,1008.7777777777778,30.037037037037038
2016-09-23,66.10714285714286,3.571428571428573,1005.3214285714286,31.0
2016-09-24,66.48,5.496153846153845,1352.6153846153845,31.24
2016-09-25,62.30434782608695,3.1478260869565218,1004.7826086956521,31.130434782608695
2016-09-26,60.88,2.986956521739131,1006.76,31.48
2016-09-27,57.81481481481482,1.7807692307692307,1006.7037037037037,32.18518518518518
2016-09-28,55.28,2.5200000000000005,1005.28,32.44
2016-09-29,61.31818181818182,3.9636363636363643,1005.5909090909091,32.22727272727273
2016-09-30,59.357142857142854,2.582142857142858,1005.5714285714286,32.214285714285715
2016-10-01,61.916666666666664,3.170833333333334,1007.5,32.541666666666664
2016-10-02,61.81481481481482,4.122222222222223,1009.1111111111111,32.81481481481482
2016-10-03,59.57692307692308,3.992592592592593,1007.1851851851852,33.26923076923077
2016-10-04,69.81481481481481,5.770370370370371,1005.3703703703703,30.555555555555557
2016-10-05,71.875,3.3249999999999997,1005.25,28.833333333333332
2016-10-06,64.81481481481481,3.2333333333333325,1007.1481481481482,30.703703703703702
2016-10-07,59.96,15.825000000000001,1007.2,30.96
2016-10-08,57.96,8.76153846153846,1006.8461538461538,30.6
2016-10-09,59.2,3.184000000000001,1005.96,30.92
2016-10-10,51.111111111111114,4.807407407407408,1006.1481481481482,29.77777777777778
2016-10-11,51.148148148148145,8.922222222222224,1006.5925925925926,29.666666666666668
2016-10-12,47.285714285714285,11.371428571428568,1006.25,29.571428571428573
2016-10-13,44.0,13.022222222222224,1008.3333333333334,29.962962962962962
2016-10-14,47.875,8.934782608695652,1009.125,29.75
2016-10-15,54.148148148148145,6.662962962962963,1010.5185185185185,27.74074074074074
2016-10-16,49.857142857142854,7.014285714285715,1011.8571428571429,28.428571428571427
2016-10-17,49.24,7.1160000000000005,1010.56,28.6
2016-10-18,48.458333333333336,7.668181818181818,1009.4583333333334,28.5
2016-10-19,49.18518518518518,6.459259259259259,1008.5555555555555,28.925925925925927
2016-10-20,47.73076923076923,9.123999999999999,1007.5384615384615,29.076923076923077
2016-10-21,50.40909090909091,10.695454545454547,1008.7272727272727,28.40909090909091
2016-10-22,49.48148148148148,13.323076923076924,1009.3703703703703,29.333333333333332
2016-10-23,54.96153846153846,11.546153846153846,1009.3076923076923,27.5
2016-10-24,51.42307692307692,11.188461538461537,1008.2692307692307,28.5
2016-10-25,54.56,12.388461538461542,1008.9230769230769,28.04
2016-10-26,56.19230769230769,5.699999999999998,1011.7307692307693,27.576923076923077
2016-10-27,59.370370370370374,6.044444444444444,1014.6296296296297,26.555555555555557
2016-10-28,58.77777777777778,7.277777777777777,1012.4074074074074,25.51851851851852
2016-10-29,62.77777777777778,1.7148148148148148,1013.0,25.814814814814813
2016-10-30,71.04347826086956,2.0130434782608697,1014.6086956521739,24.82608695652174
2016-10-31,66.8076923076923,1.6423076923076925,1017.8076923076923,24.53846153846154
2016-11-01,58.73076923076923,2.7153846153846155,1016.3846153846154,24.384615384615383
2016-11-02,65.9090909090909,1.4318181818181817,1016.5909090909091,23.727272727272727
2016-11-03,59.76,2.2320000000000007,1016.24,25.64
2016-11-04,58.2962962962963,4.122222222222222,1012.6296296296297,24.814814814814813
2016-11-05,66.57692307692308,5.784615384615384,1010.3461538461538,23.115384615384617
2016-11-06,63.851851851851855,2.411111111111111,1011.5185185185185,22.925925925925927
2016-11-07,51.31818181818182,8.172727272727274,1012.7727272727273,24.545454545454547
2016-11-08,52.26923076923077,12.750000000000002,1013.64,23.73076923076923
2016-11-09,49.7037037037037,7.074074074074074,1014.6666666666666,23.0
2016-11-10,50.148148148148145,3.225925925925927,1013.8148148148148,23.51851851851852
2016-11-11,54.04,2.968,1014.08,23.92
2016-11-12,58.03846153846154,2.7846153846153854,1015.1538461538462,23.53846153846154
2016-11-13,55.81481481481482,4.3999999999999995,1016.5185185185185,24.296296296296298
2016-11-14,60.73076923076923,1.4961538461538462,1015.7307692307693,23.346153846153847
2016-11-15,55.72,4.087999999999999,1016.24,22.24
2016-11-16,53.23076923076923,7.138461538461537,1017.5384615384615,21.76923076923077
2016-11-17,51.73076923076923,11.549999999999999,1350.2962962962963,21.73076923076923
2016-11-18,53.61538461538461,7.7799999999999985,1014.6923076923077,21.73076923076923
2016-11-19,60.666666666666664,2.8400000000000003,1012.4666666666667,20.666666666666668
2016-11-20,59.9,2.5050000000000003,1013.35,22.25
2016-11-21,60.46153846153846,2.7153846153846155,1013.0,21.53846153846154
2016-11-22,50.1578947368421,7.999999999999998,1012.8947368421053,22.57894736842105
2016-11-23,51.43478260869565,6.604347826086956,1013.1739130434783,22.82608695652174
2016-11-24,51.473684210526315,8.289473684210526,1014.9473684210526,21.42105263157895
2016-11-25,30.55,15.085000000000003,1012.95,23.6
2016-11-26,32.64705882352941,14.494117647058824,1013.25,24.294117647058822
2016-11-27,33.63636363636363,12.45909090909091,1013.5909090909091,23.636363636363637
2016-11-28,37.31818181818182,9.185714285714287,12.045454545454545,22.454545454545453
2016-11-29,53.72222222222222,1.238888888888889,1015.0,21.61111111111111
2016-11-30,80.08695652173913,4.269565217391306,1016.6086956521739,19.869565217391305
2016-12-01,84.0,2.704166666666667,1016.875,19.75
2016-12-02,75.875,4.945833333333334,1017.75,19.208333333333332
2016-12-03,52.166666666666664,5.866666666666666,1019.3333333333334,21.208333333333332
2016-12-04,55.25,5.666666666666666,1019.7,18.9
2016-12-05,56.59090909090909,4.9523809523809526,1017.0454545454545,18.636363636363637
2016-12-06,69.92307692307692,2.5038461538461543,1017.9615384615385,18.53846153846154
2016-12-07,74.35,0.925,1017.421052631579,18.25
2016-12-08,73.3,1.7650000000000001,1016.2,16.9
2016-12-09,68.125,1.3125,1013.4166666666666,19.416666666666668
2016-12-10,82.83333333333333,5.355555555555556,1014.0,16.444444444444443
2016-12-11,69.58333333333333,4.716666666666667,1013.2916666666666,20.041666666666668
2016-12-12,63.86363636363637,3.2818181818181817,1014.1818181818181,19.90909090909091
2016-12-13,62.35,3.4300000000000006,1015.1,19.05
2016-12-14,58.611111111111114,8.027777777777775,1017.3333333333334,18.555555555555557
2016-12-15,56.625,9.879166666666666,1016.6666666666666,18.166666666666668
2016-12-16,63.27777777777778,3.9166666666666674,1018.7777777777778,15.833333333333334
2016-12-17,63.388888888888886,6.731578947368422,1016.9473684210526,17.5
2016-12-18,64.54166666666667,6.420833333333331,1018.0833333333334,16.083333333333332
2016-12-19,56.095238095238095,10.414285714285715,1017.4285714285714,17.857142857142858
2016-12-20,48.53333333333333,15.926666666666673,1015.2,19.8
2016-12-21,54.3,19.40476190476191,1015.6190476190476,18.05
2016-12-22,57.857142857142854,6.1809523809523785,1016.1428571428571,17.285714285714285
2016-12-23,74.7,1.205,1014.25,15.55
2016-12-24,78.63636363636364,5.236363636363636,1011.3181818181819,17.318181818181817
2016-12-25,94.3,9.084999999999999,1014.35,14.0
2016-12-26,74.85714285714286,8.784210526315787,1016.952380952381,17.142857142857142
2016-12-27,67.55,8.335,1017.2,16.85
2016-12-28,68.04347826086956,3.547826086956522,1015.5652173913044,17.217391304347824
2016-12-29,87.85714285714286,6.0,1016.9047619047619,15.238095238095237
2016-12-30,89.66666666666667,6.266666666666667,1017.9047619047619,14.095238095238095
2016-12-31,87.0,7.325,1016.1,15.052631578947368
2017-01-01,100.0,0.0,1016.0,10.0
